product_id,product_name,category,price,cost,sku,weight_kg,stock_quantity,supplier_id,created_date
1,Vision-oriented holistic Graphical User Interface,Home & Garden,229.21,96.61,OPH-39791,22.73,326,156,2026-01-15
2,Right-sized solution-oriented Graphic Interface,Office Supplies,19.65,8.89,XYH-74088,2.61,277,264,2025-02-18
3,Multi-tiered dynamic ability,Automotive,155.44,96.14,YOD-07312,17.45,405,773,2026-02-22
4,Focused hybrid Graphical User Interface,Books,17.01,5.84,EYL-63061,8.95,337,310,2026-02-15
5,Public-key methodical extranet,Clothing,101.26,41.32,UER-06616,1.87,388,412,2026-02-17
6,Upgradable scalable Graphic Interface,Sports,359.47,170.76,PHO-81316,9.17,173,686,2025-04-30
7,Face-to-face zero-defect data-warehouse,Food & Beverage,138.62,74.66,XQW-64234,18.47,382,590,2024-03-24
8,Public-key holistic parallelism,Office Supplies,273.1,136.69,RDO-45636,21.18,180,336,2024-11-27
9,Reactive interactive protocol,Automotive,368.7,171.37,WBY-21396,4.4,163,716,2025-01-10
10,Visionary leadingedge migration,Office Supplies,373.83,124.76,KVA-71616,24.06,22,751,2025-12-13
11,De-engineered 4thgeneration array,Food & Beverage,81.87,26.0,MLN-74823,15.33,139,46,2025-08-20
12,Public-key discrete implementation,Automotive,273.04,131.07,RTW-18503,16.09,154,122,2024-03-23
13,Exclusive contextually-based access,Toys,406.75,191.57,QDI-74032,8.34,56,528,2025-08-16
14,Balanced 24/7 help-desk,Toys,166.33,73.94,IGK-82374,0.13,465,118,2025-10-26
15,Centralized didactic superstructure,Books,132.8,78.0,UGI-99549,20.25,106,847,2024-03-29
16,Intuitive directional knowledgebase,Health & Beauty,20.39,14.02,KVG-21632,16.4,261,822,2026-02-19
17,Polarized real-time collaboration,Toys,365.08,143.57,EDY-33883,14.74,181,811,2024-05-22
18,De-engineered explicit implementation,Clothing,356.72,235.67,WPQ-96455,20.37,321,184,2024-08-20
19,Integrated bi-directional open system,Health & Beauty,230.88,132.25,WIE-92645,12.98,253,837,2025-09-09
20,Multi-channeled executive portal,Clothing,70.98,21.44,JHF-92464,1.72,77,635,2025-01-19
21,User-centric contextually-based model,Food & Beverage,73.22,32.75,VJO-70935,0.52,9,521,2026-02-13
22,Expanded responsive data-warehouse,Toys,484.75,189.37,ICZ-62030,4.79,233,102,2026-02-19
23,Visionary multi-tasking encryption,Automotive,244.63,115.2,XLO-03408,15.98,105,241,2024-06-11
24,Visionary object-oriented function,Food & Beverage,227.96,159.13,GAX-12465,17.38,108,238,2026-01-07
25,Exclusive client-driven Local Area Network,Clothing,94.1,38.68,DSO-26915,1.27,67,426,2025-09-26
26,Advanced modular contingency,Toys,406.63,130.21,GUG-74030,7.67,51,896,2026-01-12
27,Expanded context-sensitive architecture,Home & Garden,230.31,110.4,KIE-11533,10.19,460,797,2024-05-31
28,Implemented 24hour Graphic Interface,Sports,171.82,55.35,PZM-76854,4.14,418,567,2025-04-18
29,Integrated 5thgeneration Internet solution,Books,417.51,178.14,RYO-76277,10.16,439,77,2026-02-20
30,Digitized discrete definition,Office Supplies,67.24,39.39,HDC-68428,8.05,365,336,2024-06-25
31,Monitored web-enabled Graphic Interface,Toys,275.9,130.03,NQQ-48289,24.5,414,359,2024-11-14
32,Virtual incremental forecast,Electronics,240.05,117.9,WGD-27325,0.43,436,280,2025-11-22
33,Synergized web-enabled implementation,Automotive,199.57,84.98,XMH-82309,13.0,28,894,2025-05-29
34,Total multimedia conglomeration,Clothing,388.25,221.89,WPH-62467,19.13,143,679,2025-12-03
35,Exclusive composite capacity,Electronics,369.42,210.95,AFF-63402,0.16,497,239,2026-02-11
36,Polarized asynchronous infrastructure,Sports,323.41,189.28,KBY-07659,5.28,432,465,2024-12-31
37,Cloned intermediate service-desk,Toys,370.83,130.62,GQG-46675,18.27,71,829,2025-07-05
38,Upgradable systematic application,Toys,195.35,112.29,IJV-51006,2.19,353,857,2025-08-06
39,Multi-lateral asymmetric conglomeration,Electronics,373.05,149.72,CKA-91037,0.53,390,558,2024-08-04
40,Robust coherent project,Food & Beverage,167.93,92.23,IGG-11889,3.25,457,217,2024-11-23
41,Programmable 4thgeneration focus group,Books,300.31,171.43,RBU-46371,3.76,486,43,2025-11-19
42,Expanded didactic time-frame,Clothing,156.44,97.15,OHN-10076,6.57,141,882,2024-05-16
43,Seamless tertiary hub,Health & Beauty,350.12,105.16,MIU-11792,11.48,330,929,2025-06-18
44,Implemented next generation implementation,Office Supplies,56.72,34.95,BUK-07427,7.37,92,107,2024-07-26
45,Synergized cohesive moderator,Toys,441.35,182.8,AUY-09035,21.31,104,689,2025-08-10
46,Optional even-keeled architecture,Health & Beauty,231.55,94.62,DMR-85955,10.45,154,656,2025-06-14
47,Versatile human-resource database,Electronics,357.73,166.7,QTO-01252,21.73,273,234,2025-08-09
48,Upgradable modular array,Sports,301.07,166.71,SHM-56164,8.26,1,349,2024-11-12
49,Universal radical process improvement,Food & Beverage,169.6,79.5,PRW-65536,11.11,469,483,2024-05-03
50,Virtual modular function,Toys,474.57,266.1,IYZ-73535,13.58,123,941,2025-03-27
51,Team-oriented 5thgeneration attitude,Automotive,465.01,234.57,SEF-23338,3.17,439,445,2025-11-17
52,Up-sized attitude-oriented hierarchy,Home & Garden,97.73,63.58,TMF-33934,6.69,223,976,2024-07-10
53,Optimized multi-state protocol,Office Supplies,28.76,19.0,MVY-09054,3.05,478,686,2024-07-19
54,Self-enabling didactic artificial intelligence,Books,96.26,52.8,INQ-08108,6.2,33,717,2025-12-28
55,Versatile cohesive hierarchy,Electronics,97.78,39.46,SIS-72594,6.99,324,882,2024-03-03
56,Self-enabling system-worthy policy,Office Supplies,302.96,141.12,LXX-87924,6.79,389,360,2025-12-24
57,Ameliorated global application,Health & Beauty,181.8,109.93,SAJ-77345,10.61,438,530,2025-06-22
58,Decentralized content-based task-force,Books,118.84,47.62,PMJ-28099,15.72,497,864,2024-06-30
59,Switchable context-sensitive moratorium,Automotive,115.63,67.08,LTU-53399,23.04,380,194,2025-11-08
60,Triple-buffered analyzing system engine,Clothing,117.06,50.59,WSW-31907,1.77,97,693,2024-03-23
61,Future-proofed real-time strategy,Electronics,267.15,117.13,SDJ-28237,20.54,339,592,2025-12-20
62,Configurable disintermediate projection,Electronics,345.52,137.75,PND-42363,14.76,352,835,2025-07-08
63,Centralized heuristic productivity,Home & Garden,312.87,160.04,ZPM-09856,7.07,241,651,2024-08-04
64,Public-key client-server algorithm,Books,142.68,64.02,JBN-78355,4.5,0,758,2025-02-18
65,Automated web-enabled moderator,Home & Garden,111.84,43.73,XEW-51165,6.87,13,260,2024-07-12
66,Business-focused well-modulated workforce,Toys,78.83,48.26,TMH-17643,23.66,211,720,2025-06-09
67,Organic multi-tasking access,Health & Beauty,181.27,99.79,FHF-06115,20.99,358,95,2026-01-23
68,Persevering maximized emulation,Food & Beverage,161.73,65.69,QSN-13825,1.56,61,361,2025-06-12
69,Cross-group regional secured line,Food & Beverage,34.72,12.32,VNN-03209,23.25,193,808,2025-04-11
70,Upgradable bandwidth-monitored model,Automotive,364.83,158.83,TYU-39736,17.79,331,192,2025-08-18
71,Visionary responsive standardization,Health & Beauty,231.61,73.77,JZH-57941,16.16,178,600,2024-04-19
72,Enhanced mission-critical workforce,Food & Beverage,480.82,332.3,WTF-94040,23.73,263,914,2024-11-21
73,Multi-tiered multi-state definition,Food & Beverage,258.31,89.41,KQJ-98979,21.7,28,497,2024-12-19
74,Down-sized value-added archive,Books,282.89,91.35,RCL-32530,21.78,334,363,2024-12-18
75,Balanced exuding hardware,Toys,212.31,118.99,MXX-30917,5.28,472,491,2024-04-05
76,Intuitive actuating ability,Food & Beverage,319.12,111.23,OKO-29241,20.41,185,178,2025-04-17
77,Implemented attitude-oriented focus group,Sports,303.03,108.23,MBI-31697,8.12,426,657,2025-09-09
78,Reduced responsive attitude,Office Supplies,388.26,172.84,LDR-22246,8.04,144,210,2024-12-08
79,Ameliorated responsive utilization,Electronics,36.05,13.74,TVO-88821,6.82,64,869,2025-10-17
80,Distributed motivating knowledgebase,Food & Beverage,91.44,45.01,MNO-90761,20.5,141,115,2026-01-22
81,Synergized zero-defect artificial intelligence,Food & Beverage,194.81,95.15,PME-33538,12.65,299,874,2025-08-25
82,Persistent scalable Graphical User Interface,Books,145.43,64.58,ZUG-25746,12.16,298,231,2026-01-05
83,Re-contextualized scalable definition,Clothing,104.57,73.18,RZH-74069,19.82,185,188,2024-03-13
84,Profound 6thgeneration moratorium,Clothing,492.12,313.01,TQB-99709,24.79,398,956,2025-12-26
85,Distributed even-keeled flexibility,Food & Beverage,446.42,306.58,TWI-75791,4.79,195,811,2024-11-02
86,Open-source solution-oriented Internet solution,Books,447.29,199.01,UNF-06979,7.4,176,644,2024-03-12
87,De-engineered tangible superstructure,Toys,338.61,159.08,MZS-37178,17.85,292,398,2024-10-03
88,Virtual actuating matrix,Food & Beverage,52.31,20.1,WRR-07300,2.37,396,683,2025-03-07
89,Cross-platform user-facing emulation,Automotive,145.9,94.78,FWK-07580,21.34,104,241,2025-06-08
90,Persevering scalable Graphic Interface,Electronics,442.23,304.62,XPF-47747,22.17,261,765,2024-06-05
91,Extended neutral pricing structure,Office Supplies,492.95,310.6,ADC-62294,22.85,301,983,2025-02-09
92,Reactive human-resource architecture,Health & Beauty,416.23,247.65,BUO-65413,7.16,353,114,2025-01-26
93,Stand-alone content-based functionalities,Food & Beverage,322.29,133.09,XUE-58347,6.44,450,290,2024-07-18
94,Public-key systemic implementation,Health & Beauty,152.01,69.41,MSF-50822,23.98,409,399,2025-05-24
95,Ergonomic bi-directional Graphic Interface,Toys,8.03,4.48,INC-85543,1.29,357,145,2024-07-01
96,Function-based demand-driven knowledge user,Toys,78.28,48.14,RTP-42026,21.81,230,723,2025-12-14
97,Progressive zero tolerance open architecture,Health & Beauty,108.07,57.45,KHN-02861,9.77,278,673,2024-03-30
98,Self-enabling needs-based installation,Sports,322.2,148.76,KWV-23220,18.26,185,307,2024-04-11
99,Optimized encompassing focus group,Health & Beauty,348.2,220.3,XTL-36932,12.37,55,357,2024-06-18
100,Innovative coherent budgetary management,Food & Beverage,247.14,114.06,ZJD-53968,6.19,73,924,2025-03-28
101,Switchable high-level support,Office Supplies,252.96,111.99,SET-17447,12.15,388,782,2025-11-26
102,Re-contextualized tertiary definition,Toys,454.7,146.64,XPH-33071,17.49,14,603,2025-08-16
103,Open-source client-server middleware,Home & Garden,299.09,126.37,MOZ-13520,22.54,83,29,2024-08-21
104,Reduced mission-critical adapter,Automotive,10.47,3.34,EMJ-46918,3.37,64,137,2024-07-05
105,Face-to-face national collaboration,Books,373.35,119.56,BXP-06723,19.64,218,264,2024-04-09
106,Up-sized interactive orchestration,Books,445.2,266.7,YRD-12683,14.84,240,221,2024-03-29
107,Fundamental scalable firmware,Sports,181.85,124.14,IHC-26420,22.56,251,674,2026-02-17
108,Decentralized upward-trending website,Electronics,354.41,118.8,MZF-34969,19.7,267,656,2025-01-03
109,Customizable system-worthy productivity,Books,139.32,49.61,PVN-43494,7.76,356,681,2025-09-15
110,Cross-platform tertiary archive,Automotive,116.69,66.06,AYA-47084,9.13,146,693,2024-12-05
111,Diverse 5thgeneration functionalities,Books,457.11,230.74,VUJ-27703,18.92,210,599,2024-08-25
112,Optional responsive service-desk,Office Supplies,122.94,63.91,SHD-48221,16.95,37,493,2025-03-02
113,Reduced secondary superstructure,Health & Beauty,48.03,28.82,GXE-88243,5.59,472,833,2025-02-16
114,Virtual maximized knowledge user,Food & Beverage,161.54,109.47,TXF-39134,21.81,303,487,2024-08-04
115,Profit-focused interactive utilization,Automotive,438.66,276.35,FEM-23859,20.6,309,412,2024-10-16
116,Operative bi-directional instruction set,Automotive,467.24,287.5,VMM-24898,22.3,306,694,2026-01-28
117,Function-based modular support,Clothing,60.09,38.16,CIX-01361,20.86,439,184,2024-10-05
118,Synergized motivating leverage,Books,236.59,80.5,HEV-52928,3.33,87,497,2025-08-20
119,Business-focused asynchronous definition,Home & Garden,9.03,3.38,NSV-46920,14.29,482,408,2026-03-01
120,Synergized system-worthy customer loyalty,Books,291.92,166.24,PAE-90322,13.35,202,22,2025-06-28
121,Compatible contextually-based focus group,Toys,64.47,27.97,LQY-71761,5.95,48,636,2024-04-06
122,Fully-configurable high-level encoding,Food & Beverage,364.88,187.8,HDY-68252,18.47,382,604,2025-09-28
123,Digitized actuating firmware,Electronics,32.95,19.22,IVW-30204,5.63,248,359,2026-01-02
124,Multi-layered responsive adapter,Food & Beverage,89.06,41.81,CQS-81918,2.8,92,384,2025-04-20
125,Proactive object-oriented capacity,Clothing,278.25,105.87,UBP-05169,13.8,401,884,2024-10-22
126,Re-engineered transitional toolset,Books,35.04,15.56,BAB-45786,6.09,126,993,2024-11-26
127,Sharable bandwidth-monitored access,Health & Beauty,93.44,35.5,WBE-31791,3.08,201,648,2024-08-05
128,Decentralized asymmetric application,Office Supplies,215.5,128.57,LBH-45176,14.03,117,648,2024-12-27
129,Intuitive full-range analyzer,Automotive,201.35,125.8,PEY-59282,6.69,65,694,2024-03-03
130,Inverse content-based benchmark,Office Supplies,168.85,63.51,AEK-14939,12.45,156,216,2025-08-07
131,Self-enabling heuristic project,Sports,288.89,183.84,LRR-70608,12.22,6,130,2025-08-19
132,Team-oriented modular throughput,Office Supplies,85.8,47.96,UZT-15411,6.36,210,726,2025-12-20
133,Extended national initiative,Sports,197.9,79.2,AOM-72865,22.41,36,826,2024-12-13
134,Progressive homogeneous hierarchy,Books,371.01,136.29,ZFM-66389,18.56,207,758,2025-05-27
135,Digitized systematic complexity,Office Supplies,386.66,194.76,IRL-00024,3.3,193,266,2024-04-15
136,Secured demand-driven architecture,Office Supplies,32.98,18.61,IBZ-00598,23.22,160,757,2025-06-19
137,Quality-focused uniform encryption,Toys,159.82,76.9,WTB-20383,6.59,312,95,2025-12-18
138,Inverse systematic array,Office Supplies,223.21,90.68,NTS-36060,18.56,433,674,2024-06-01
139,Ergonomic neutral superstructure,Home & Garden,380.75,238.92,KMV-07925,23.32,47,392,2024-11-04
140,Future-proofed optimal attitude,Electronics,84.54,58.37,QNM-05001,8.95,465,697,2024-03-20
141,Profound human-resource moderator,Electronics,421.34,144.77,UFZ-75613,14.04,46,404,2024-08-31
142,Front-line intangible utilization,Books,283.21,180.66,CIW-83506,5.88,275,52,2025-06-30
143,Intuitive heuristic capability,Books,485.77,287.47,BJI-39393,3.27,126,364,2025-04-17
144,Balanced asymmetric alliance,Sports,253.54,135.61,FHI-62224,7.14,73,147,2024-05-24
145,User-centric value-added analyzer,Clothing,145.45,60.21,YZT-37075,4.41,375,348,2025-04-30
146,Face-to-face analyzing service-desk,Automotive,383.43,169.22,OYS-75958,2.44,423,473,2025-09-01
147,Secured needs-based benchmark,Sports,422.22,245.32,TKF-26477,7.52,120,485,2024-06-19
148,Streamlined background portal,Clothing,301.81,190.51,XCQ-15694,5.21,46,73,2024-11-21
149,Business-focused encompassing support,Office Supplies,43.03,17.56,JKW-01705,0.59,209,550,2024-04-27
150,Innovative asynchronous complexity,Clothing,77.67,41.41,EWV-61090,23.62,24,355,2024-07-03
151,Visionary well-modulated database,Sports,437.34,272.03,COS-21575,13.88,338,960,2025-05-02
152,Vision-oriented even-keeled emulation,Home & Garden,261.72,109.51,RPM-67594,5.17,270,41,2025-07-04
153,Switchable leadingedge circuit,Books,85.48,29.03,TBO-59051,8.65,255,945,2025-10-15
154,Self-enabling multimedia middleware,Home & Garden,164.79,66.7,CYR-40025,10.84,370,549,2025-09-23
155,Re-contextualized non-volatile Local Area Network,Toys,68.23,41.02,XFH-82686,16.85,223,164,2025-01-20
156,Business-focused impactful initiative,Books,238.78,103.54,PIC-13936,0.65,45,788,2024-11-16
157,Balanced interactive alliance,Books,499.35,316.77,FBQ-25508,6.95,260,680,2024-03-28
158,Up-sized bandwidth-monitored frame,Toys,399.21,151.04,XVK-54178,2.45,365,686,2024-04-06
159,Persevering contextually-based analyzer,Toys,245.61,125.97,LKX-40723,12.22,88,858,2025-07-18
160,Reverse-engineered heuristic circuit,Health & Beauty,341.0,141.02,GLY-68558,12.82,206,702,2025-11-25
161,Versatile homogeneous alliance,Office Supplies,94.27,53.58,HWQ-51942,17.73,243,743,2024-09-28
162,Phased well-modulated hardware,Books,315.8,202.42,ZFN-68500,1.92,135,801,2026-02-13
163,Multi-channeled even-keeled function,Office Supplies,413.65,211.1,FXQ-00393,13.88,8,926,2024-06-05
164,Right-sized tangible encoding,Electronics,431.25,242.43,WEA-58382,14.88,278,372,2025-05-23
165,Cloned upward-trending hardware,Health & Beauty,379.87,244.48,ZHF-35384,1.81,55,644,2024-10-09
166,Horizontal human-resource infrastructure,Electronics,131.23,42.56,YRL-59155,9.45,310,324,2024-07-26
167,Networked composite function,Automotive,469.61,315.52,CLF-77363,13.81,34,920,2024-12-02
168,Stand-alone disintermediate architecture,Automotive,127.08,87.27,ADK-86381,24.56,143,684,2025-12-09
169,Cross-group 3rdgeneration customer loyalty,Automotive,144.23,58.17,MXK-52203,16.98,138,110,2025-10-11
170,Mandatory even-keeled artificial intelligence,Toys,71.61,44.56,MGI-54725,18.6,390,303,2024-11-10
171,Total zero tolerance benchmark,Sports,149.94,70.74,WDC-41935,11.36,209,132,2026-01-08
172,Optional fresh-thinking pricing structure,Toys,242.08,151.96,LQX-19723,20.86,34,611,2025-10-22
173,Stand-alone tangible data-warehouse,Books,208.53,89.69,RDK-06968,17.14,157,213,2024-04-20
174,Future-proofed multi-state firmware,Sports,260.53,166.56,CQU-84831,11.66,151,160,2024-05-30
175,Managed high-level capacity,Food & Beverage,402.55,263.59,UZV-98742,23.27,97,887,2024-07-07
176,Intuitive tangible array,Sports,400.58,222.68,CWU-76229,1.11,226,925,2024-05-18
177,Polarized system-worthy encryption,Toys,319.45,157.55,EWS-33094,5.38,169,679,2026-02-03
178,Reactive needs-based hub,Office Supplies,17.72,11.23,CSR-56801,8.42,124,141,2025-09-17
179,Organic didactic firmware,Electronics,226.31,75.59,TKF-96179,10.67,467,244,2025-10-27
180,Versatile clear-thinking migration,Electronics,216.8,147.39,SOV-14224,0.76,375,687,2025-10-29
181,Enhanced next generation analyzer,Toys,139.23,75.46,HJY-75262,5.04,53,713,2024-10-01
182,Operative system-worthy secured line,Books,289.13,143.06,AUA-32686,6.06,215,356,2024-06-19
183,Operative intangible attitude,Books,306.89,118.59,AEZ-07208,0.73,119,519,2025-03-29
184,Triple-buffered stable superstructure,Office Supplies,386.91,181.54,UYP-29787,4.67,386,723,2025-05-17
185,Profit-focused multi-state archive,Home & Garden,378.83,156.96,SZD-08946,9.05,412,200,2024-04-13
186,Open-source explicit initiative,Food & Beverage,261.2,165.6,XDB-59804,21.33,429,649,2024-11-25
187,Organized 5thgeneration support,Books,461.48,271.62,XPU-04194,7.82,153,799,2025-06-29
188,Profit-focused optimal core,Books,41.7,19.81,OEW-04398,24.61,5,683,2024-12-28
189,Networked impactful model,Office Supplies,139.96,76.48,VEX-59813,2.01,128,853,2025-07-30
190,Inverse empowering intranet,Electronics,80.81,49.19,DNG-41813,8.91,326,939,2025-07-14
191,Open-architected fault-tolerant complexity,Electronics,253.55,125.98,PBK-18543,15.67,491,731,2024-08-01
192,Decentralized 4thgeneration throughput,Office Supplies,321.46,140.71,PCH-62803,16.03,144,353,2024-03-23
193,Optional composite projection,Health & Beauty,206.26,126.8,UNH-77936,18.06,42,553,2026-01-27
194,Pre-emptive multi-tasking matrices,Clothing,134.6,42.63,IQG-91050,14.77,392,977,2025-12-24
195,Right-sized web-enabled Graphic Interface,Home & Garden,87.91,50.28,VNQ-09810,1.88,219,310,2025-07-25
196,Exclusive background workforce,Clothing,284.4,132.36,BJW-56875,9.11,170,529,2024-06-20
197,Pre-emptive didactic analyzer,Sports,407.6,184.76,PKF-34887,0.18,160,21,2025-09-09
198,Multi-layered interactive contingency,Books,58.81,20.73,ZHC-07534,15.19,229,622,2025-08-30
199,User-friendly foreground circuit,Health & Beauty,309.53,180.63,HAS-24606,13.34,477,830,2025-05-05
200,Grass-roots 6thgeneration leverage,Toys,22.3,11.95,CHO-61533,20.55,396,278,2026-02-26
201,Self-enabling grid-enabled hub,Sports,268.64,159.78,NTB-39564,11.48,329,59,2025-06-27
202,Realigned homogeneous project,Sports,281.39,162.15,DQO-24584,11.59,149,633,2024-12-06
203,Versatile upward-trending data-warehouse,Office Supplies,71.96,43.32,SQY-29560,19.01,406,732,2024-08-24
204,Inverse composite knowledgebase,Clothing,292.94,199.46,DXZ-91496,6.09,152,730,2025-04-12
205,User-friendly asymmetric interface,Office Supplies,489.8,243.91,PPL-46285,5.4,42,555,2024-05-09
206,User-centric leadingedge workforce,Home & Garden,19.72,9.84,OCB-68753,11.41,166,347,2025-08-04
207,Ergonomic system-worthy moratorium,Clothing,453.32,276.33,PUI-32181,6.54,220,170,2025-01-18
208,Public-key fault-tolerant hub,Sports,100.72,66.49,XIT-30326,2.49,373,988,2025-06-07
209,Total exuding structure,Health & Beauty,71.89,33.59,POD-99153,14.41,379,68,2025-11-20
210,Integrated systematic forecast,Automotive,247.09,170.51,ZIY-97567,23.73,301,471,2024-03-07
211,Front-line global superstructure,Electronics,55.0,36.66,AXY-48437,18.01,82,382,2025-12-03
212,Stand-alone 5thgeneration superstructure,Toys,492.43,177.44,XQT-81518,18.22,363,822,2025-09-11
213,Profound methodical initiative,Electronics,370.03,172.28,OKI-28675,22.37,247,264,2024-07-29
214,Sharable dynamic website,Food & Beverage,167.1,55.8,FRA-15373,0.12,43,510,2025-04-12
215,Re-engineered discrete forecast,Clothing,187.85,91.73,FPT-37507,24.78,491,162,2025-08-01
216,Customizable dedicated matrix,Office Supplies,59.53,34.86,NAF-15964,24.71,395,608,2024-08-08
217,Enhanced coherent framework,Food & Beverage,69.28,24.13,WZO-27834,8.86,66,748,2024-08-11
218,Robust attitude-oriented frame,Electronics,109.68,58.04,KPI-92732,14.54,59,835,2024-09-01
219,Proactive value-added knowledgebase,Automotive,23.66,15.55,MRJ-00740,22.27,177,410,2024-09-22
220,Devolved zero administration adapter,Toys,104.75,71.99,IMK-86216,11.37,390,708,2025-01-24
221,Front-line foreground capacity,Sports,42.78,26.64,WQI-30583,17.74,328,272,2024-04-02
222,Reduced empowering hierarchy,Toys,19.59,8.14,UZT-76384,8.97,275,409,2025-03-09
223,Fully-configurable hybrid analyzer,Home & Garden,27.29,17.94,INZ-03626,3.59,213,521,2025-02-10
224,Streamlined mobile hierarchy,Toys,258.54,148.29,QMF-72062,1.49,431,79,2024-10-04
225,Cross-group 24/7 concept,Office Supplies,110.13,62.01,KRE-91645,23.59,212,992,2025-10-19
226,Grass-roots systemic framework,Home & Garden,437.25,232.16,FKA-63846,7.23,22,439,2024-07-23
227,Team-oriented 6thgeneration challenge,Sports,445.89,160.0,AVY-46532,3.46,444,455,2025-03-23
228,Innovative hybrid encryption,Food & Beverage,456.65,161.72,NTQ-83070,1.73,157,500,2025-11-18
229,Virtual content-based installation,Food & Beverage,397.91,147.58,DZQ-67040,3.3,191,354,2024-03-06
230,Adaptive zero administration projection,Toys,459.19,294.67,HPF-54676,15.32,191,405,2025-09-29
231,Compatible needs-based superstructure,Books,320.43,190.38,PUU-66584,21.79,183,98,2025-04-13
232,Intuitive 24hour hierarchy,Food & Beverage,53.13,32.16,XTZ-12616,12.67,217,290,2024-06-26
233,Profound global budgetary management,Health & Beauty,136.27,90.87,RKI-84523,20.67,206,237,2024-07-03
234,Reactive 6thgeneration benchmark,Electronics,176.61,87.19,NWZ-58386,13.47,337,688,2025-11-18
235,Proactive full-range task-force,Food & Beverage,292.12,156.16,BJF-98699,22.12,73,912,2024-09-01
236,Integrated 3rdgeneration installation,Electronics,123.92,38.84,SME-74244,9.84,179,53,2024-12-11
237,Advanced empowering extranet,Food & Beverage,417.51,223.85,BLN-39565,5.3,498,953,2025-06-03
238,Stand-alone asymmetric instruction set,Health & Beauty,247.12,79.57,QEQ-92025,5.63,336,411,2024-08-15
239,Diverse attitude-oriented algorithm,Office Supplies,418.76,198.15,NEN-53915,20.54,331,462,2025-11-22
240,Right-sized asynchronous instruction set,Electronics,134.33,40.34,TJJ-24343,11.68,82,991,2025-12-13
241,Reactive leadingedge challenge,Automotive,321.92,128.03,QXV-97732,7.1,322,464,2024-11-28
242,Centralized didactic architecture,Toys,499.29,199.41,JGA-98311,14.88,47,697,2024-09-28
243,Configurable high-level circuit,Sports,421.27,275.28,UYH-48928,8.41,186,773,2024-04-27
244,Configurable homogeneous hardware,Home & Garden,464.64,319.71,OWD-45710,6.11,332,728,2025-01-18
245,Intuitive maximized artificial intelligence,Office Supplies,32.03,21.01,ZNA-43516,5.16,276,758,2025-03-15
246,Open-source coherent middleware,Health & Beauty,183.96,96.27,RAI-47992,9.27,84,885,2025-09-23
247,Automated zero-defect productivity,Sports,282.73,126.23,NRR-23199,0.51,114,684,2024-04-26
248,Assimilated exuding forecast,Toys,454.91,246.36,ZNR-60504,20.77,197,687,2025-02-17
249,Secured multi-state migration,Toys,75.95,22.93,ZRN-54438,2.79,121,82,2025-02-22
250,Ergonomic motivating paradigm,Food & Beverage,446.45,242.66,BBF-57815,19.89,294,558,2024-10-24
251,Optional secondary encryption,Home & Garden,22.15,14.35,XQC-77195,10.68,7,894,2025-08-31
252,Vision-oriented cohesive orchestration,Health & Beauty,222.86,153.0,XIP-63070,10.19,190,440,2026-01-15
253,Expanded client-driven concept,Office Supplies,490.0,205.83,JTM-45559,18.73,49,807,2025-08-05
254,Extended intangible monitoring,Home & Garden,386.52,170.19,JWW-93120,15.85,379,554,2025-12-10
255,Secured national service-desk,Sports,68.89,38.78,WZN-43886,8.17,136,54,2024-12-06
256,Optional national access,Electronics,397.92,199.25,PYX-35755,8.01,235,832,2024-07-04
257,Phased tangible ability,Health & Beauty,88.32,32.27,HVT-95108,19.3,56,676,2025-11-13
258,Grass-roots encompassing matrices,Sports,344.69,118.12,YXJ-11392,6.48,130,498,2025-04-25
259,Exclusive holistic implementation,Toys,457.84,232.67,NUG-97706,2.99,282,252,2024-08-03
260,Streamlined value-added knowledgebase,Home & Garden,241.9,133.66,AFR-64449,12.36,262,930,2026-01-05
261,Reactive cohesive solution,Toys,419.51,145.7,IWR-60661,12.89,256,227,2025-01-11
262,Face-to-face holistic access,Books,494.52,256.09,YWU-60280,18.41,130,235,2025-06-07
263,Total fresh-thinking throughput,Automotive,413.27,145.17,NTA-65701,7.75,377,833,2025-03-25
264,Programmable bi-directional Graphical User Interface,Food & Beverage,449.06,213.64,TSN-33370,14.28,462,119,2026-02-21
265,Customizable systemic superstructure,Office Supplies,242.38,87.23,OSS-57414,24.36,397,361,2025-03-06
266,Open-architected tertiary definition,Electronics,485.22,234.94,FUZ-34012,13.3,2,740,2025-04-25
267,Ameliorated human-resource info-mediaries,Clothing,492.78,321.23,TFE-82053,24.18,246,713,2026-01-15
268,Synchronized encompassing alliance,Home & Garden,358.24,117.66,FIQ-99115,11.15,42,562,2025-03-14
269,Virtual system-worthy instruction set,Home & Garden,284.47,176.56,ZPE-89741,3.87,413,217,2025-07-26
270,Virtual stable moratorium,Clothing,292.53,129.36,AMN-31912,10.21,83,619,2024-08-31
271,Adaptive 3rdgeneration monitoring,Electronics,445.79,253.73,OJX-28162,1.61,411,769,2026-01-15
272,Function-based dynamic initiative,Food & Beverage,243.68,119.35,YDY-15199,11.85,132,987,2024-06-25
273,Automated foreground conglomeration,Office Supplies,429.36,180.71,GDL-73463,7.3,5,28,2024-06-27
274,User-centric actuating emulation,Clothing,314.47,108.34,EPL-26306,13.58,477,680,2024-03-17
275,Operative contextually-based secured line,Food & Beverage,391.05,132.21,ZCR-44511,3.8,435,832,2025-01-11
276,Persevering leadingedge function,Books,178.73,66.83,DQK-20673,12.51,188,936,2024-10-06
277,Virtual cohesive throughput,Home & Garden,286.09,157.99,ZOX-31289,17.56,387,139,2024-04-29
278,Focused multimedia concept,Office Supplies,206.49,124.21,XBG-47691,16.38,356,359,2025-07-28
279,Down-sized system-worthy orchestration,Electronics,37.48,26.14,ITC-88551,18.94,273,86,2024-08-23
280,Diverse object-oriented hub,Electronics,39.11,13.9,IUP-69528,3.7,303,958,2025-01-19
281,Re-engineered discrete algorithm,Health & Beauty,165.5,94.9,SWS-85215,3.05,400,446,2025-10-01
282,Multi-tiered content-based parallelism,Home & Garden,296.15,157.02,CWA-04289,24.49,486,838,2025-08-24
283,Virtual intangible solution,Automotive,463.1,144.29,NBJ-57899,4.17,339,938,2025-08-19
284,Function-based bottom-line function,Toys,93.17,33.17,ANM-93326,1.77,488,945,2026-02-08
285,Robust systemic approach,Automotive,287.2,123.46,OLN-26667,1.8,276,321,2024-06-13
286,Customizable value-added concept,Books,256.28,115.77,XNB-31964,3.43,143,854,2024-06-30
287,Up-sized didactic adapter,Sports,154.71,88.51,CEY-46624,2.11,79,807,2026-01-02
288,Realigned 4thgeneration alliance,Home & Garden,475.36,206.45,BRI-95985,19.06,410,825,2024-10-31
289,Reduced attitude-oriented software,Food & Beverage,28.65,10.13,ERI-71548,15.42,81,910,2025-11-25
290,Multi-layered mobile portal,Home & Garden,435.71,278.08,UBI-91507,6.31,127,560,2024-07-17
291,Front-line bandwidth-monitored implementation,Electronics,496.65,181.89,HZZ-37668,1.42,13,135,2025-11-30
292,Customer-focused neutral structure,Clothing,381.11,141.75,MOT-76605,4.77,80,115,2025-11-17
293,Multi-channeled needs-based open system,Home & Garden,303.63,156.57,ERR-64838,18.03,390,625,2025-04-05
294,Versatile tangible Internet solution,Health & Beauty,141.64,53.87,QGR-63649,15.11,36,711,2025-03-03
295,Cross-platform responsive service-desk,Automotive,251.08,153.54,VPN-43244,2.95,478,375,2024-07-16
296,Enhanced client-driven paradigm,Sports,357.31,207.12,VTI-99033,19.42,242,514,2026-02-17
297,Devolved bottom-line structure,Sports,190.15,81.2,OEH-61473,21.9,112,120,2026-02-25
298,Grass-roots mission-critical monitoring,Food & Beverage,306.09,172.53,RZT-45464,16.36,425,657,2025-04-08
299,Progressive static neural-net,Food & Beverage,179.19,59.46,JAL-79148,10.53,71,914,2024-11-12
300,Monitored global software,Office Supplies,416.33,256.87,JZR-74586,7.78,322,802,2025-08-03
301,Virtual contextually-based throughput,Toys,319.49,103.96,AON-24716,10.17,210,177,2024-08-08
302,Streamlined analyzing interface,Clothing,61.45,21.08,URW-47075,9.59,191,233,2025-12-23
303,Diverse systematic contingency,Electronics,122.7,61.21,IVT-42651,7.82,286,335,2024-12-30
304,Multi-lateral holistic throughput,Clothing,478.34,212.58,GVM-41781,23.71,332,156,2024-04-22
305,Progressive dedicated complexity,Automotive,47.51,25.91,ZNP-08260,22.06,244,655,2025-02-24
306,Profit-focused disintermediate artificial intelligence,Automotive,175.97,118.45,QRB-53889,6.28,108,462,2024-04-17
307,Team-oriented even-keeled concept,Books,239.09,136.06,URS-29774,11.1,131,22,2024-06-17
308,Synchronized coherent secured line,Sports,332.58,167.75,EOH-02495,7.93,462,642,2025-04-18
309,Pre-emptive composite intranet,Books,38.72,22.89,FHD-11008,8.1,319,830,2024-07-10
310,Automated composite interface,Office Supplies,436.89,231.08,HFN-15091,18.97,271,885,2024-12-12
311,Proactive transitional approach,Automotive,287.87,91.09,UEO-18976,21.36,208,408,2026-01-14
312,Upgradable mission-critical Graphical User Interface,Home & Garden,13.25,7.02,GDQ-03360,20.13,335,460,2025-12-08
313,Decentralized systemic capacity,Toys,112.61,63.65,OTR-69066,15.25,421,998,2024-07-21
314,Stand-alone non-volatile function,Books,305.2,139.26,NNW-75296,20.5,441,108,2025-05-02
315,Stand-alone exuding moratorium,Food & Beverage,67.01,44.88,WFD-65131,5.87,454,568,2025-01-29
316,Triple-buffered client-server instruction set,Books,389.16,167.04,RZN-69099,6.03,500,867,2025-04-27
317,Compatible even-keeled orchestration,Food & Beverage,236.29,118.87,EZA-82822,24.58,10,234,2025-12-27
318,Re-contextualized directional contingency,Automotive,466.15,186.33,GJC-74626,3.17,367,938,2025-03-02
319,Ameliorated optimal synergy,Clothing,73.66,28.29,ELE-78796,4.8,356,714,2024-03-04
320,Implemented fault-tolerant access,Electronics,189.4,108.44,TBO-62047,19.15,454,665,2025-06-11
321,Proactive dedicated matrix,Food & Beverage,112.54,45.33,HUQ-99102,16.8,236,902,2026-02-28
322,Persevering upward-trending functionalities,Home & Garden,208.06,114.78,SZB-43221,9.08,283,10,2024-09-11
323,Realigned multi-state interface,Health & Beauty,282.33,102.82,ETK-94331,13.45,408,45,2024-07-30
324,Upgradable cohesive instruction set,Books,176.64,109.82,TZO-80327,5.37,314,551,2024-08-01
325,Customer-focused web-enabled hub,Health & Beauty,234.46,155.84,MYS-84046,22.14,101,813,2025-02-25
326,Profit-focused next generation process improvement,Home & Garden,160.16,60.49,PPS-71720,22.59,472,636,2025-09-29
327,Versatile explicit infrastructure,Electronics,147.54,53.33,JDN-75768,11.08,158,673,2025-02-23
328,Phased object-oriented throughput,Sports,305.23,170.67,MLN-82114,15.02,182,470,2024-08-18
329,Monitored bottom-line ability,Sports,156.07,98.34,UEF-07461,8.72,12,705,2025-05-17
330,Proactive solution-oriented migration,Health & Beauty,44.78,20.78,NCO-90623,23.2,417,468,2025-05-30
331,Re-contextualized non-volatile emulation,Home & Garden,295.46,95.22,ZDF-56400,6.58,219,693,2026-01-23
332,Programmable scalable task-force,Office Supplies,32.82,13.49,SRE-96568,23.66,376,212,2024-12-23
333,Re-engineered user-facing orchestration,Books,96.66,46.74,KJO-94242,4.9,103,380,2025-06-02
334,Profit-focused didactic knowledge user,Automotive,91.89,50.7,LOO-22303,7.32,433,681,2024-08-18
335,Multi-lateral 5thgeneration parallelism,Health & Beauty,129.61,70.77,LRW-02983,23.87,0,616,2024-04-14
336,Compatible foreground approach,Sports,266.66,152.33,HQB-85049,20.67,291,349,2025-12-27
337,Ameliorated 24hour capacity,Toys,131.62,85.24,XRG-90110,21.78,59,698,2024-09-17
338,Face-to-face actuating encoding,Clothing,161.51,78.27,UPB-92968,3.42,194,864,2026-02-23
339,Centralized background software,Automotive,464.3,201.4,LAQ-54279,15.72,141,678,2025-07-09
340,Enterprise-wide 6thgeneration workforce,Food & Beverage,82.41,27.13,WEH-43954,19.99,399,183,2025-04-24
341,Customizable responsive software,Home & Garden,404.99,263.78,LAY-84481,16.69,402,67,2025-05-12
342,Advanced stable emulation,Books,361.47,223.75,CCP-58105,24.9,489,744,2025-06-22
343,Proactive contextually-based orchestration,Sports,5.95,3.81,FDP-00027,1.95,246,727,2026-02-12
344,Configurable tertiary process improvement,Clothing,29.9,9.92,BDX-89395,22.85,269,666,2025-01-06
345,De-engineered methodical capacity,Office Supplies,212.87,106.28,VMQ-81628,4.54,421,332,2025-05-22
346,Fundamental tertiary core,Clothing,312.31,114.14,CID-69747,2.92,172,417,2025-11-19
347,Programmable neutral forecast,Automotive,206.61,114.89,KCR-73607,22.42,121,636,2024-12-12
348,Fundamental didactic capacity,Toys,180.3,122.61,ZUJ-42164,2.68,97,162,2025-03-08
349,Re-engineered optimal Graphic Interface,Clothing,427.73,226.6,OSQ-46933,5.62,486,492,2025-02-06
350,Re-contextualized client-driven attitude,Toys,6.21,4.1,WUU-95618,1.16,85,334,2025-02-04
351,Devolved bottom-line capability,Automotive,224.8,92.02,JXU-74906,23.36,135,238,2024-11-24
352,Exclusive foreground archive,Toys,46.62,24.24,IGR-06250,21.76,386,984,2025-11-24
353,Configurable didactic array,Office Supplies,157.65,103.95,VRC-10312,18.99,245,592,2026-01-17
354,Monitored encompassing moderator,Books,60.27,39.26,TBQ-65643,2.25,345,225,2024-03-19
355,Cloned mission-critical customer loyalty,Automotive,335.32,192.55,QNT-21690,17.71,303,829,2024-06-11
356,Adaptive user-facing toolset,Toys,50.88,29.56,KSR-96187,18.55,209,547,2026-02-17
357,Optimized actuating portal,Clothing,208.56,107.0,GHZ-44736,5.9,347,928,2024-08-08
358,Expanded heuristic Graphic Interface,Clothing,132.22,57.49,BSK-32221,6.31,197,103,2024-12-12
359,Expanded exuding application,Clothing,204.13,76.83,IDG-17889,24.82,370,758,2025-06-17
360,Secured hybrid complexity,Books,333.08,103.69,XBD-02314,24.38,142,951,2026-02-02
361,Face-to-face high-level service-desk,Health & Beauty,310.46,111.92,JHC-37127,3.61,49,57,2024-05-07
362,Realigned eco-centric extranet,Sports,71.01,45.53,WZW-52101,17.1,463,850,2026-01-30
363,Assimilated actuating product,Electronics,393.02,135.34,WEH-55162,6.31,83,138,2025-02-08
364,Automated zero tolerance leverage,Home & Garden,334.28,188.03,EHG-05876,17.09,441,99,2024-05-16
365,Business-focused heuristic help-desk,Books,59.77,36.13,KQG-27450,18.82,432,515,2024-12-05
366,Assimilated empowering knowledgebase,Sports,195.64,90.72,PCL-16369,24.89,407,228,2025-12-10
367,Quality-focused web-enabled hierarchy,Toys,298.65,161.48,VBD-26523,12.72,89,316,2024-12-27
368,Synchronized fault-tolerant hub,Office Supplies,41.42,14.42,RXQ-29920,3.93,132,284,2025-07-20
369,Universal homogeneous toolset,Clothing,480.96,268.8,EQK-05407,19.34,214,370,2025-02-23
370,Synergized systemic capability,Health & Beauty,476.46,253.51,EME-42009,19.43,206,803,2025-05-11
371,Ergonomic holistic database,Sports,14.78,6.06,ABE-53996,20.97,165,956,2025-03-29
372,Face-to-face leadingedge projection,Electronics,150.83,80.87,PBV-16345,6.08,252,543,2025-06-01
373,Team-oriented client-server Local Area Network,Automotive,388.06,258.67,PXB-30905,10.5,175,889,2026-02-22
374,Quality-focused executive Local Area Network,Food & Beverage,72.17,45.94,IRV-41824,16.12,392,157,2024-10-01
375,Programmable fresh-thinking moratorium,Sports,444.71,270.38,PMC-21820,14.17,129,765,2024-03-18
376,Function-based client-driven methodology,Toys,156.73,52.27,PXU-06644,12.57,405,235,2025-11-25
377,Phased 4thgeneration monitoring,Automotive,255.97,177.78,MNW-30090,23.32,185,747,2024-06-23
378,Ameliorated discrete utilization,Toys,278.82,111.08,UXX-86063,11.84,240,628,2025-06-05
379,User-friendly didactic pricing structure,Clothing,153.99,91.52,XVJ-83715,6.96,365,28,2025-02-09
380,Upgradable local archive,Toys,140.2,96.96,JKA-49651,2.03,181,92,2024-06-12
381,Robust exuding Local Area Network,Sports,407.63,146.1,BZN-33787,11.31,37,240,2025-05-01
382,Networked zero administration throughput,Toys,373.47,242.46,DLG-88205,20.7,115,744,2025-12-04
383,Synergistic 3rdgeneration monitoring,Automotive,151.48,70.88,KQG-13505,3.27,383,893,2025-06-28
384,Proactive demand-driven matrices,Home & Garden,351.9,114.94,WXQ-64029,11.22,218,323,2025-07-31
385,Virtual cohesive capacity,Books,132.0,83.24,OJK-94007,7.23,286,4,2024-05-07
386,Streamlined foreground neural-net,Health & Beauty,472.26,240.15,QVK-03158,17.46,48,269,2025-07-16
387,Total grid-enabled structure,Electronics,87.23,55.23,ROU-02468,16.57,285,814,2025-02-17
388,Intuitive real-time support,Office Supplies,262.31,101.16,FVN-44672,17.26,435,457,2024-11-14
389,Managed heuristic function,Home & Garden,117.75,51.92,HMK-25566,24.54,98,56,2025-01-01
390,Profound empowering budgetary management,Clothing,106.89,57.88,NTU-35755,19.28,12,275,2024-08-07
391,Switchable reciprocal benchmark,Clothing,6.81,2.41,KSJ-06289,23.77,16,252,2025-05-06
392,Profit-focused non-volatile contingency,Toys,316.61,122.52,BCQ-18295,4.08,338,415,2026-02-10
393,Configurable discrete superstructure,Clothing,128.2,64.53,SAY-17701,23.66,241,392,2024-12-29
394,Focused high-level migration,Office Supplies,321.22,113.18,DXL-72280,10.86,456,495,2024-03-06
395,Multi-lateral stable contingency,Toys,153.86,55.29,QHG-14901,0.22,39,282,2025-06-09
396,Compatible needs-based success,Office Supplies,61.42,20.74,KZQ-46458,0.26,323,374,2025-04-02
397,Mandatory clear-thinking productivity,Toys,393.93,169.88,VYM-44236,23.26,370,175,2025-08-31
398,Ameliorated analyzing parallelism,Office Supplies,161.02,101.23,WAO-89955,9.5,116,458,2025-11-30
399,Enterprise-wide hybrid instruction set,Toys,258.66,104.31,QMA-66367,12.88,149,714,2025-11-08
400,Realigned non-volatile flexibility,Food & Beverage,338.05,199.94,GFP-54119,23.22,6,840,2025-03-12
401,Right-sized responsive core,Health & Beauty,137.03,62.12,DES-13806,20.99,495,999,2026-01-03
402,Fully-configurable needs-based time-frame,Health & Beauty,8.63,4.19,OEG-10815,12.75,244,839,2024-09-03
403,Inverse optimal extranet,Food & Beverage,262.43,167.5,HIO-16214,19.13,241,730,2025-11-09
404,Multi-tiered web-enabled application,Health & Beauty,206.45,119.27,GNB-74660,0.19,386,262,2025-01-02
405,Versatile needs-based matrix,Food & Beverage,82.46,34.98,BQC-71523,19.22,442,939,2025-12-19
406,Optional 5thgeneration structure,Books,427.52,296.69,IJV-44646,20.07,214,297,2024-05-20
407,Persistent full-range throughput,Clothing,117.65,82.29,HNI-00950,20.65,11,574,2024-05-20
408,Enterprise-wide methodical capability,Sports,349.86,140.54,FCB-42609,11.61,454,242,2024-04-29
409,Vision-oriented global initiative,Food & Beverage,305.22,117.12,HAA-15012,4.29,38,165,2025-07-03
410,Programmable user-facing standardization,Electronics,439.33,224.04,HSP-64349,11.8,471,365,2026-02-19
411,Cloned exuding throughput,Office Supplies,472.75,322.42,PCW-60114,7.74,238,24,2025-11-29
412,Secured uniform functionalities,Automotive,183.43,120.6,YHD-74121,4.28,143,940,2025-10-05
413,Visionary tangible complexity,Health & Beauty,368.47,178.65,NJW-98696,4.87,333,265,2025-01-05
414,Enhanced explicit methodology,Automotive,361.81,169.72,NFI-16269,3.84,24,872,2024-04-20
415,Assimilated disintermediate infrastructure,Toys,337.89,223.97,PGM-26844,13.57,117,858,2024-03-05
416,Exclusive coherent architecture,Sports,57.02,33.32,SXC-92980,16.5,318,258,2025-08-22
417,Networked mission-critical approach,Clothing,336.69,170.82,ZVG-28832,21.24,279,581,2024-11-05
418,Profound directional initiative,Toys,364.09,244.48,KEW-50431,8.17,130,526,2025-07-31
419,Upgradable interactive frame,Toys,289.18,162.08,VTU-59427,18.13,53,164,2025-08-07
420,Decentralized bottom-line protocol,Sports,204.6,96.05,VJD-04294,14.78,421,593,2025-12-12
421,Up-sized stable instruction set,Food & Beverage,113.49,72.06,YRE-06005,11.79,172,991,2025-03-09
422,Profit-focused methodical function,Home & Garden,423.25,246.74,ALZ-23780,21.56,421,517,2025-09-20
423,Object-based motivating paradigm,Food & Beverage,81.54,31.31,JFO-97914,1.08,362,784,2024-04-10
424,Centralized interactive circuit,Clothing,88.28,27.37,IAM-87011,7.28,411,781,2024-09-04
425,Optimized cohesive capability,Food & Beverage,200.88,100.16,TJP-57674,2.12,101,924,2024-10-26
426,Up-sized logistical task-force,Home & Garden,89.97,54.79,LZT-36663,0.7,180,964,2025-03-22
427,Configurable fresh-thinking Graphical User Interface,Clothing,366.89,209.72,PVJ-30439,14.42,438,390,2026-01-19
428,Fully-configurable zero administration synergy,Office Supplies,147.74,102.03,HVW-88275,7.35,379,64,2025-10-11
429,Quality-focused transitional migration,Office Supplies,377.34,228.35,TUY-08567,3.17,252,916,2025-10-07
430,De-engineered dynamic firmware,Food & Beverage,210.71,90.32,BOT-60577,14.17,29,523,2026-02-21
431,Universal exuding productivity,Clothing,17.9,5.66,TQP-75558,8.36,185,38,2024-10-20
432,Integrated actuating productivity,Sports,139.88,95.65,QLC-30979,11.09,276,118,2025-03-21
433,User-friendly real-time access,Electronics,148.86,93.84,KXP-67742,15.78,84,816,2024-04-17
434,Reactive dynamic algorithm,Office Supplies,201.63,115.93,QEK-07724,24.87,345,391,2025-09-12
435,Assimilated bi-directional success,Office Supplies,274.37,109.03,JIV-83689,10.67,336,706,2025-02-05
436,Re-engineered actuating Local Area Network,Clothing,22.95,15.31,VIM-00895,21.28,482,776,2026-01-03
437,Future-proofed demand-driven capacity,Home & Garden,175.54,117.97,UFC-12031,8.92,112,839,2025-02-14
438,Down-sized context-sensitive data-warehouse,Sports,325.17,127.72,GPQ-43725,2.22,155,951,2025-01-22
439,Advanced encompassing parallelism,Food & Beverage,386.97,258.04,RWV-62500,17.89,307,777,2024-09-25
440,Vision-oriented hybrid open architecture,Sports,390.13,247.69,ZHQ-45116,22.22,129,828,2025-10-06
441,Reduced needs-based knowledge user,Automotive,494.65,228.02,QDM-79226,11.25,390,955,2024-06-24
442,Progressive reciprocal application,Office Supplies,31.59,20.57,SSI-17558,5.88,425,382,2025-06-10
443,Inverse methodical attitude,Home & Garden,357.57,136.28,IKI-89482,6.05,446,414,2024-03-26
444,Extended holistic budgetary management,Home & Garden,60.83,27.56,BTI-02145,6.22,482,28,2026-01-09
445,Profit-focused optimal service-desk,Health & Beauty,155.49,104.0,TYQ-62035,10.15,133,920,2026-01-15
446,Digitized homogeneous flexibility,Electronics,201.7,99.57,EPQ-57318,8.07,473,557,2024-09-01
447,Grass-roots explicit success,Electronics,389.94,163.46,JBZ-86098,0.98,233,18,2025-10-05
448,Ameliorated exuding info-mediaries,Toys,393.24,203.89,LWB-40997,20.78,59,10,2024-07-16
449,Mandatory analyzing flexibility,Home & Garden,323.66,197.24,LZS-27386,0.94,239,615,2024-11-10
450,Synergistic content-based circuit,Sports,472.59,290.81,ZDS-76694,2.1,180,153,2025-10-14
451,Phased cohesive groupware,Home & Garden,493.91,307.23,YNT-23908,6.57,129,597,2025-02-12
452,Centralized motivating ability,Health & Beauty,226.23,133.32,WTA-41358,16.72,209,533,2025-05-01
453,User-centric next generation forecast,Books,74.84,35.33,TMS-23555,23.06,249,279,2024-04-16
454,Future-proofed non-volatile firmware,Clothing,118.77,78.14,HWK-85713,0.34,97,609,2026-02-21
455,Decentralized bandwidth-monitored workforce,Clothing,318.84,141.01,IZY-55857,8.81,87,466,2025-11-03
456,Object-based foreground database,Sports,288.43,129.96,WGM-28198,14.45,31,293,2024-12-05
457,Business-focused empowering extranet,Health & Beauty,364.52,210.92,QYT-71106,5.99,312,779,2025-01-17
458,Persevering executive instruction set,Books,203.58,127.5,GTX-23179,23.62,240,198,2025-09-10
459,Public-key client-driven portal,Toys,347.28,225.43,FGW-71981,7.46,499,142,2026-03-01
460,Compatible client-server moratorium,Home & Garden,100.26,60.21,RPC-02315,0.34,456,4,2026-01-16
461,Optimized mission-critical task-force,Food & Beverage,481.9,202.37,OUS-56974,4.57,389,884,2024-08-09
462,Adaptive incremental database,Office Supplies,386.13,147.91,WHB-53860,8.45,376,621,2025-03-14
463,Sharable bandwidth-monitored matrices,Health & Beauty,298.26,150.43,WFY-66334,18.88,440,103,2025-01-21
464,Horizontal mobile adapter,Clothing,103.05,60.48,NIQ-11466,18.55,457,310,2024-10-07
465,Up-sized discrete core,Clothing,130.07,81.87,XRG-52719,9.9,329,548,2026-01-07
466,Public-key analyzing initiative,Home & Garden,54.91,23.33,PKQ-10962,23.8,239,292,2024-06-30
467,Ergonomic well-modulated strategy,Sports,234.07,71.13,SKU-08363,22.15,173,17,2025-12-29
468,Team-oriented scalable encoding,Electronics,388.05,156.19,GAE-71765,0.94,321,802,2025-09-17
469,Persistent solution-oriented array,Clothing,114.39,64.96,AEB-44409,11.9,440,752,2025-12-19
470,Enhanced fault-tolerant service-desk,Office Supplies,11.61,4.13,KFZ-71404,13.7,393,594,2025-06-18
471,Realigned client-server pricing structure,Home & Garden,380.84,179.08,EON-88767,15.52,398,622,2025-03-26
472,Assimilated human-resource focus group,Toys,132.21,74.25,HOO-03015,9.68,89,466,2025-07-26
473,Organized global intranet,Books,92.01,52.35,RUR-56848,14.2,141,25,2024-09-05
474,Automated contextually-based standardization,Automotive,448.82,136.41,ZFS-01651,12.39,345,454,2024-04-09
475,Seamless bi-directional frame,Office Supplies,278.48,128.59,NZB-41429,11.26,125,870,2025-07-13
476,Diverse discrete framework,Automotive,294.87,171.7,ULI-97355,21.84,226,491,2025-10-30
477,Triple-buffered systematic array,Clothing,107.9,37.03,CTA-79382,19.49,258,397,2024-08-28
478,De-engineered 6thgeneration moderator,Sports,277.48,126.43,CFZ-92906,5.81,309,439,2025-01-24
479,De-engineered local algorithm,Health & Beauty,207.78,139.32,IFR-64497,4.33,348,836,2024-03-09
480,Ameliorated object-oriented collaboration,Electronics,168.37,91.4,SEL-97713,15.54,191,824,2025-07-31
481,Realigned 24/7 pricing structure,Office Supplies,337.82,126.15,PAU-22509,17.51,277,105,2025-11-29
482,User-centric disintermediate analyzer,Home & Garden,191.39,113.67,SRP-82686,18.24,414,463,2025-06-10
483,Virtual heuristic neural-net,Office Supplies,29.47,13.05,MVG-60467,8.02,405,925,2026-01-24
484,Enterprise-wide 3rdgeneration throughput,Electronics,207.16,117.82,SEJ-63681,7.61,103,178,2025-07-31
485,Future-proofed radical budgetary management,Sports,205.11,73.42,QAU-35131,10.69,459,365,2024-10-24
486,Right-sized next generation pricing structure,Sports,109.72,52.27,KPR-20182,1.63,487,322,2024-06-24
487,Horizontal 24hour contingency,Health & Beauty,70.97,41.47,FRV-48970,9.18,71,145,2024-11-05
488,Configurable background moratorium,Toys,381.51,194.55,BPL-52885,20.24,230,560,2024-04-02
489,Front-line bottom-line superstructure,Clothing,424.0,225.36,RKD-63799,14.51,211,40,2025-06-13
490,Mandatory client-server flexibility,Home & Garden,180.72,123.54,IFJ-53483,6.57,102,684,2025-07-20
491,Distributed zero-defect knowledgebase,Home & Garden,425.2,243.17,YSK-90656,12.8,473,905,2024-05-13
492,Monitored disintermediate task-force,Sports,288.98,133.68,BNF-32051,22.28,389,407,2025-08-31
493,Ameliorated discrete middleware,Books,94.1,53.22,NLR-74335,15.05,123,933,2024-10-01
494,User-centric mission-critical product,Office Supplies,464.2,293.75,QNM-83137,6.22,125,6,2025-03-30
495,Seamless transitional customer loyalty,Health & Beauty,340.31,216.39,AUC-89318,1.54,475,887,2024-10-30
496,Switchable well-modulated policy,Food & Beverage,84.7,42.55,MZO-06511,23.38,168,651,2025-01-16
497,Synergistic explicit knowledgebase,Sports,365.93,129.76,KFJ-58856,22.9,50,632,2025-01-06
498,Organized holistic complexity,Sports,390.96,259.29,XZI-35239,23.97,474,742,2024-05-12
499,Visionary directional parallelism,Automotive,288.3,147.91,PAK-33758,20.93,52,423,2025-08-16
500,Synergistic optimal product,Books,187.7,128.17,GXH-17551,16.75,234,801,2024-08-01
501,Down-sized intermediate installation,Home & Garden,418.45,137.22,CCG-23281,5.89,312,701,2024-08-14
502,Proactive logistical archive,Sports,355.88,186.55,RMM-82548,23.15,58,641,2026-02-12
503,Customer-focused methodical challenge,Books,293.36,120.18,PWS-33678,4.71,27,731,2024-04-24
504,User-friendly heuristic solution,Health & Beauty,19.92,13.14,XAN-05074,3.21,401,141,2025-06-23
505,Automated reciprocal portal,Electronics,485.06,245.38,IBK-97830,9.79,453,976,2024-08-08
506,Grass-roots impactful synergy,Health & Beauty,275.95,191.08,KXG-95283,11.78,210,230,2025-03-02
507,Implemented 24/7 portal,Office Supplies,493.54,203.84,DLP-63919,2.44,37,316,2024-12-11
508,Diverse next generation Local Area Network,Home & Garden,369.83,143.44,DIR-22057,19.59,233,974,2025-05-11
509,Ergonomic stable alliance,Sports,480.52,224.62,PRU-95186,11.86,68,595,2025-11-13
510,Team-oriented zero-defect infrastructure,Toys,390.85,199.45,LQD-41861,17.97,412,230,2025-03-19
511,Open-source needs-based matrix,Toys,460.02,227.43,XLU-24259,24.82,298,307,2025-08-04
512,Upgradable content-based flexibility,Food & Beverage,226.72,124.03,KKG-54121,5.88,102,185,2024-05-18
513,Organic scalable archive,Food & Beverage,314.23,207.22,YXJ-83861,13.86,447,141,2026-02-17
514,Synergistic zero tolerance productivity,Health & Beauty,331.89,104.34,IUC-68125,24.2,454,910,2024-10-06
515,Operative content-based frame,Clothing,109.82,53.69,QFY-83583,9.7,245,279,2024-10-23
516,Virtual neutral analyzer,Books,405.22,237.04,CEW-52438,6.78,480,712,2026-02-11
517,Multi-layered zero-defect attitude,Food & Beverage,19.71,7.31,RKN-12064,12.72,376,539,2025-10-15
518,Universal analyzing matrices,Health & Beauty,72.88,46.57,NPS-77058,17.24,80,280,2025-11-17
519,User-friendly solution-oriented project,Office Supplies,330.39,181.87,KGY-75238,24.07,331,749,2024-06-14
520,Managed actuating strategy,Office Supplies,393.29,134.54,YKS-20381,6.95,75,106,2024-10-20
521,Open-source bottom-line support,Home & Garden,110.03,76.03,EIG-17166,13.66,442,492,2024-06-08
522,Robust bi-directional collaboration,Electronics,414.69,155.9,TOG-18351,1.01,403,20,2025-02-08
523,Expanded optimal data-warehouse,Home & Garden,217.88,87.92,ULO-11452,8.71,291,812,2025-08-05
524,Progressive interactive approach,Electronics,479.27,250.73,ETP-57645,10.13,231,191,2025-01-24
525,Quality-focused static neural-net,Food & Beverage,123.13,61.46,FYD-94654,17.67,211,44,2024-06-10
526,Polarized mobile Internet solution,Sports,162.12,79.76,HJC-21788,20.32,339,846,2024-10-19
527,Right-sized exuding extranet,Home & Garden,366.15,131.11,UTH-13816,18.37,284,8,2024-08-01
528,Streamlined dynamic instruction set,Home & Garden,42.91,27.17,LYK-97216,2.35,272,785,2024-11-30
529,Decentralized static application,Automotive,251.33,98.5,VPD-15654,4.35,499,285,2025-08-20
530,Proactive background initiative,Sports,429.57,290.71,ZHV-55454,16.39,39,156,2024-12-26
531,Future-proofed attitude-oriented collaboration,Office Supplies,268.2,187.48,SVK-56796,24.48,365,376,2024-03-14
532,Virtual analyzing knowledgebase,Office Supplies,247.78,109.56,CEM-06436,4.71,181,305,2024-10-15
533,Innovative grid-enabled info-mediaries,Automotive,424.16,269.0,YAU-65647,5.19,470,598,2025-02-27
534,Proactive actuating encoding,Home & Garden,353.3,186.71,IHC-17518,8.06,266,715,2025-03-11
535,Progressive optimizing matrices,Office Supplies,149.24,79.92,JUS-31644,17.2,200,558,2024-09-05
536,Cross-platform next generation secured line,Office Supplies,56.73,37.03,JIK-64189,22.73,328,942,2026-01-29
537,Stand-alone 24hour circuit,Clothing,326.69,165.72,QEI-20042,16.6,308,565,2024-06-17
538,Total client-server collaboration,Books,415.43,179.95,RKD-60558,7.5,445,225,2025-09-24
539,Polarized logistical adapter,Clothing,360.98,242.22,OGM-47660,12.11,10,392,2024-03-18
540,Profit-focused leadingedge matrices,Home & Garden,209.38,81.85,JJG-85907,17.82,161,49,2025-05-22
541,Object-based homogeneous interface,Sports,184.32,120.89,CSL-27528,20.39,439,147,2026-01-12
542,Devolved zero-defect forecast,Office Supplies,337.3,146.15,GMC-92661,18.44,466,438,2025-02-24
543,Total 6thgeneration concept,Home & Garden,299.1,188.71,EBA-02771,11.5,421,808,2024-12-01
544,Implemented next generation help-desk,Health & Beauty,174.82,90.38,UHO-67661,20.41,73,740,2025-08-27
545,Multi-channeled multimedia knowledge user,Sports,370.68,153.87,WCX-15845,18.05,99,291,2024-05-30
546,Organic optimizing core,Clothing,320.03,104.41,YHV-57337,10.88,168,316,2024-09-03
547,Right-sized non-volatile throughput,Clothing,367.88,242.85,YWN-32356,3.57,431,676,2025-10-25
548,Optimized zero-defect adapter,Books,286.47,130.09,QYE-33703,16.25,430,222,2024-03-16
549,Pre-emptive coherent frame,Sports,470.22,243.8,OYE-23423,23.12,453,682,2024-11-09
550,Robust web-enabled artificial intelligence,Clothing,340.81,219.14,KNO-42970,22.31,131,414,2024-08-22
551,Down-sized even-keeled firmware,Food & Beverage,189.28,83.81,CSN-13585,8.85,219,744,2026-03-01
552,Configurable high-level website,Electronics,48.96,31.21,AIG-58275,23.0,279,41,2024-04-25
553,Proactive actuating service-desk,Health & Beauty,336.55,134.47,DTK-75903,20.21,21,3,2024-06-13
554,Realigned 5thgeneration Local Area Network,Electronics,343.43,224.0,PWZ-33127,11.71,367,271,2025-05-12
555,Self-enabling zero administration middleware,Home & Garden,172.79,62.59,FJI-07529,1.45,140,996,2024-08-13
556,Centralized holistic paradigm,Home & Garden,357.34,163.38,ZPU-47235,11.29,482,837,2024-12-22
557,Triple-buffered system-worthy standardization,Toys,161.23,57.2,IIG-57049,3.79,486,214,2024-11-09
558,Persistent value-added focus group,Clothing,224.67,145.17,SSK-77677,23.75,276,433,2024-07-09
559,Quality-focused needs-based initiative,Office Supplies,235.26,71.28,IMI-35047,23.22,299,116,2024-07-16
560,Total intermediate collaboration,Home & Garden,325.67,105.9,GNR-28657,6.3,250,167,2024-08-15
561,Networked 3rdgeneration customer loyalty,Office Supplies,390.59,217.2,JKQ-88210,11.1,418,898,2024-03-26
562,Decentralized tertiary task-force,Electronics,256.98,87.87,MXL-98231,6.92,361,353,2026-01-31
563,Down-sized upward-trending matrices,Automotive,356.3,180.4,TCD-11238,1.65,337,905,2026-01-13
564,Polarized attitude-oriented productivity,Home & Garden,214.68,138.92,JQE-84002,13.24,412,409,2024-08-28
565,Extended multimedia methodology,Office Supplies,160.13,55.53,CWG-51435,24.95,116,670,2025-07-28
566,Team-oriented content-based encoding,Electronics,413.14,262.22,QYQ-12657,4.35,48,255,2024-06-15
567,User-friendly object-oriented protocol,Electronics,302.83,159.32,OXG-72059,15.32,229,502,2025-11-06
568,Balanced dynamic paradigm,Office Supplies,225.39,122.93,VZZ-36818,9.64,159,753,2024-07-26
569,Compatible encompassing secured line,Food & Beverage,159.41,49.07,QMR-74497,3.72,117,166,2025-07-01
570,Advanced neutral toolset,Sports,270.99,92.57,JMW-55661,13.95,379,825,2025-01-23
571,Synergized leadingedge initiative,Sports,258.81,168.36,URD-90494,11.8,281,332,2024-12-29
572,Proactive multi-tasking adapter,Health & Beauty,387.33,255.71,KNK-47092,12.29,173,513,2024-04-04
573,Open-architected cohesive conglomeration,Automotive,133.67,68.68,WVE-18667,9.39,404,188,2024-09-12
574,Fully-configurable tangible matrix,Office Supplies,114.15,58.38,BUL-39343,12.07,301,72,2025-10-15
575,Ameliorated optimizing Local Area Network,Sports,416.59,135.36,PQM-26379,13.96,201,185,2024-05-20
576,Robust executive complexity,Office Supplies,92.65,39.72,JYL-23697,23.18,251,977,2025-09-28
577,Focused mission-critical attitude,Food & Beverage,494.81,206.95,FPG-39822,3.52,185,675,2025-01-26
578,User-centric cohesive monitoring,Health & Beauty,210.88,129.55,TFS-86371,16.99,211,648,2024-10-28
579,Monitored mobile Graphical User Interface,Electronics,448.42,300.19,XMF-03965,11.8,99,178,2024-07-20
580,Proactive scalable collaboration,Food & Beverage,240.51,129.89,GVF-16101,12.49,372,153,2024-09-25
581,Public-key local firmware,Automotive,483.92,169.24,EPT-43311,4.43,140,452,2024-07-21
582,Extended multimedia interface,Sports,63.79,21.35,VSR-68762,18.4,407,145,2024-10-16
583,Future-proofed holistic function,Food & Beverage,412.87,190.55,HUT-80207,19.61,382,588,2025-05-25
584,Organic incremental intranet,Automotive,177.39,121.58,KAE-24287,24.57,45,77,2025-06-30
585,Synergized directional moratorium,Food & Beverage,228.07,149.68,RIO-20105,24.29,384,943,2024-05-09
586,Quality-focused hybrid migration,Automotive,331.32,188.54,GIR-77611,20.26,30,230,2025-08-31
587,Synergistic optimal synergy,Health & Beauty,145.22,59.89,KPN-43415,13.82,58,727,2025-06-20
588,Business-focused 4thgeneration knowledgebase,Home & Garden,133.91,42.17,IYJ-26734,12.41,411,631,2025-07-21
589,Function-based asynchronous productivity,Automotive,205.35,128.18,FTW-35401,0.29,354,680,2024-10-04
590,Organic upward-trending Internet solution,Home & Garden,352.19,107.51,DWB-32076,4.9,226,169,2025-09-04
591,Innovative bottom-line moderator,Home & Garden,209.74,131.0,RSP-36172,20.11,379,780,2025-07-11
592,Self-enabling user-facing middleware,Home & Garden,330.38,210.6,JXZ-50775,13.78,411,129,2024-04-17
593,Enhanced web-enabled functionalities,Automotive,355.75,135.59,FKT-90702,8.68,385,429,2025-10-11
594,Pre-emptive homogeneous model,Food & Beverage,331.84,222.11,IAG-11245,2.23,458,685,2024-09-22
595,Seamless empowering benchmark,Health & Beauty,134.79,89.02,VUE-51280,21.02,63,74,2026-01-07
596,Compatible heuristic definition,Books,63.06,32.62,HPU-07809,8.24,110,379,2025-01-05
597,Multi-channeled human-resource alliance,Food & Beverage,434.7,214.08,UWX-43563,18.59,413,412,2024-09-15
598,Total upward-trending firmware,Clothing,148.24,85.96,PEZ-75048,17.93,76,207,2025-08-29
599,Versatile fresh-thinking open system,Office Supplies,167.63,51.51,WWF-18550,14.64,160,756,2025-11-17
600,Multi-channeled web-enabled parallelism,Automotive,325.6,142.22,WPY-52806,16.28,149,358,2025-08-01
601,Organized asymmetric product,Electronics,100.51,68.07,QGR-37567,3.18,27,148,2025-12-05
602,Focused context-sensitive infrastructure,Sports,19.13,8.77,PVG-19881,0.84,288,647,2025-07-11
603,Re-contextualized tangible alliance,Health & Beauty,166.89,83.05,GLP-96790,19.96,88,939,2026-01-20
604,Profit-focused client-driven firmware,Clothing,292.34,135.29,BKE-61686,20.39,235,834,2025-06-03
605,Function-based global task-force,Automotive,462.46,298.86,IQR-90879,11.06,168,965,2025-09-16
606,Realigned non-volatile infrastructure,Books,336.38,198.87,NMD-74718,2.27,383,609,2024-09-02
607,Organic incremental application,Health & Beauty,90.56,43.43,XOR-81333,21.31,83,696,2025-09-05
608,Expanded web-enabled database,Health & Beauty,145.67,44.04,OOL-93112,23.09,181,28,2025-02-15
609,Enhanced logistical leverage,Books,304.77,137.47,DBK-77781,6.94,153,109,2025-05-14
610,Virtual 24/7 info-mediaries,Office Supplies,98.3,35.84,ICZ-97152,20.44,268,79,2024-04-30
611,Fundamental client-driven circuit,Home & Garden,21.89,12.45,GWF-45196,8.83,44,899,2025-07-14
612,Business-focused bandwidth-monitored function,Sports,84.33,29.29,OSR-67700,12.98,483,568,2024-08-15
613,Customer-focused fault-tolerant neural-net,Toys,339.37,133.3,LXC-15113,9.14,249,472,2024-07-22
614,Monitored mobile hardware,Clothing,216.42,70.42,EBX-06901,12.87,220,635,2025-11-29
615,Re-engineered content-based open architecture,Sports,182.99,90.71,HJL-89284,16.77,49,598,2024-10-10
616,Multi-tiered high-level time-frame,Office Supplies,214.79,137.48,NWO-23618,2.45,353,301,2024-06-17
617,Mandatory cohesive success,Sports,238.3,143.59,ACE-33702,7.96,469,900,2025-12-28
618,Optional bifurcated emulation,Health & Beauty,55.51,22.64,DSM-20056,16.27,383,63,2024-08-07
619,Ameliorated interactive concept,Health & Beauty,292.04,106.92,LCF-61307,5.86,139,59,2024-08-02
620,Cross-platform scalable initiative,Clothing,178.75,114.56,MCB-36003,15.49,0,876,2024-05-11
621,Synergistic eco-centric product,Health & Beauty,229.35,132.43,ZIQ-06881,11.72,303,366,2024-11-27
622,Grass-roots optimal access,Health & Beauty,261.17,180.95,QVV-84468,8.28,417,258,2024-12-15
623,Synergistic methodical core,Food & Beverage,284.08,151.65,WSO-25868,23.41,405,704,2025-05-19
624,Progressive web-enabled benchmark,Sports,477.31,293.11,ABC-35382,21.66,112,270,2025-12-20
625,Open-architected 24hour matrix,Electronics,298.1,165.31,TNP-94676,8.06,150,755,2025-11-25
626,Seamless 6thgeneration paradigm,Food & Beverage,414.58,148.5,MQA-02631,6.55,163,627,2025-03-24
627,Persevering 3rdgeneration capability,Automotive,359.05,244.97,FOP-70423,6.9,72,218,2025-04-18
628,Up-sized impactful project,Sports,97.49,33.93,OBM-12274,19.61,275,113,2024-07-05
629,Realigned tangible complexity,Health & Beauty,97.73,66.66,ODN-91140,8.68,143,674,2024-08-13
630,Open-source exuding portal,Toys,237.67,110.28,IOC-07846,7.03,496,625,2025-10-16
631,User-friendly zero administration capacity,Health & Beauty,15.9,6.76,REB-79776,11.38,472,422,2026-01-22
632,Integrated well-modulated success,Books,158.01,80.81,KSR-20573,16.51,289,408,2025-09-11
633,Multi-lateral cohesive flexibility,Electronics,335.54,231.38,XIN-72416,2.75,495,896,2025-12-23
634,Managed dynamic success,Sports,313.74,95.76,WNY-09522,10.39,94,906,2025-11-30
635,Fundamental bifurcated utilization,Sports,333.79,166.13,VVS-97390,14.08,206,69,2025-01-16
636,Triple-buffered needs-based encryption,Clothing,130.85,64.33,VRC-48332,3.3,422,885,2026-02-10
637,Open-architected high-level leverage,Sports,198.68,127.39,KFI-22606,11.48,287,423,2024-05-01
638,Profound didactic complexity,Clothing,369.46,189.93,FZX-93030,10.7,146,438,2025-08-28
639,Future-proofed intangible open architecture,Office Supplies,317.97,148.45,JNW-27937,22.84,103,702,2025-09-07
640,Reactive client-driven circuit,Office Supplies,467.52,226.16,QMG-72916,6.55,281,55,2026-02-02
641,Multi-lateral encompassing capability,Automotive,21.58,6.71,YWE-24558,9.95,381,854,2026-02-25
642,Fundamental national emulation,Clothing,79.36,49.94,FSG-84050,23.26,363,613,2026-02-23
643,De-engineered non-volatile database,Sports,215.79,64.82,SJT-50803,9.19,485,964,2025-05-13
644,Function-based asynchronous capability,Toys,90.57,58.97,YQK-42118,6.92,280,661,2025-08-02
645,Fully-configurable eco-centric hardware,Home & Garden,474.55,284.66,MEP-30190,17.25,361,874,2024-11-20
646,Customizable bifurcated task-force,Toys,447.36,218.19,UXS-01156,10.93,321,261,2026-02-12
647,Digitized analyzing artificial intelligence,Sports,10.86,5.45,FCY-04059,5.23,289,372,2024-03-16
648,Versatile intermediate infrastructure,Health & Beauty,24.08,16.46,UEB-47722,19.61,117,106,2024-10-06
649,Synergistic intermediate function,Home & Garden,360.02,158.98,AJX-43491,19.91,54,840,2025-07-14
650,Face-to-face interactive array,Health & Beauty,364.26,122.35,OTK-88130,17.59,157,739,2026-01-31
651,Balanced composite Internet solution,Health & Beauty,420.31,209.94,JAH-89630,3.16,259,939,2025-11-18
652,Implemented leadingedge hierarchy,Clothing,191.63,67.27,UNH-67908,7.69,101,272,2024-05-15
653,Expanded optimizing focus group,Clothing,421.29,255.23,BKA-84688,3.25,109,172,2024-12-14
654,Operative responsive secured line,Books,233.21,125.56,PMJ-84663,24.87,213,981,2025-07-25
655,Triple-buffered zero tolerance contingency,Electronics,264.92,84.33,RZB-30893,13.62,57,494,2024-05-26
656,Assimilated systematic intranet,Toys,423.98,204.72,WMF-27844,24.98,454,379,2025-06-19
657,Progressive discrete complexity,Food & Beverage,121.52,50.32,HYN-95378,2.04,117,947,2025-12-23
658,Business-focused uniform solution,Office Supplies,124.82,80.22,NJP-75555,0.79,358,451,2024-10-01
659,Visionary uniform moratorium,Health & Beauty,80.83,41.62,QXI-05061,5.7,314,817,2024-05-31
660,Re-contextualized content-based service-desk,Electronics,105.72,36.94,DAG-53779,10.73,255,752,2025-01-18
661,Integrated mobile secured line,Home & Garden,210.51,79.32,BHZ-43123,6.43,73,992,2024-03-27
662,Sharable fresh-thinking service-desk,Health & Beauty,464.78,281.28,RWY-56678,3.37,96,578,2025-01-13
663,Digitized transitional firmware,Toys,186.98,108.07,WJJ-25388,4.16,110,972,2025-01-03
664,Universal 24hour groupware,Health & Beauty,283.88,142.74,WUZ-12909,17.11,252,632,2024-05-04
665,Fully-configurable value-added support,Clothing,100.69,31.46,WFV-38947,12.24,365,213,2025-07-03
666,Focused 24/7 capability,Clothing,211.79,144.23,FHD-73329,5.02,372,903,2025-03-05
667,De-engineered asymmetric throughput,Electronics,375.0,140.32,NGH-36113,7.83,41,560,2024-07-10
668,Switchable 6thgeneration benchmark,Clothing,130.09,39.22,SDP-46342,14.2,47,659,2024-04-02
669,Total executive implementation,Office Supplies,350.7,122.23,PJZ-48896,24.21,68,98,2025-07-04
670,Quality-focused client-server capacity,Clothing,200.07,104.63,LTY-29530,20.15,40,79,2025-05-22
671,Monitored reciprocal challenge,Automotive,162.0,87.31,KHI-37377,13.75,162,342,2024-12-30
672,Configurable modular flexibility,Health & Beauty,478.32,331.21,KFO-46804,16.67,349,285,2025-01-16
673,Centralized zero tolerance archive,Electronics,364.49,243.42,LRF-73366,24.88,21,401,2024-05-01
674,Down-sized regional strategy,Office Supplies,229.75,69.35,YUH-63120,3.03,61,771,2025-12-04
675,Universal holistic focus group,Electronics,472.72,142.21,ILF-65833,19.79,290,894,2024-12-19
676,Face-to-face full-range matrix,Food & Beverage,356.94,163.15,YUJ-11585,2.66,57,78,2024-05-18
677,Sharable mission-critical contingency,Toys,58.36,32.95,DKA-96518,6.86,272,1000,2025-02-22
678,Realigned tertiary time-frame,Books,343.72,139.13,NXU-36249,22.46,195,460,2024-04-10
679,Upgradable demand-driven analyzer,Sports,184.74,84.7,TRQ-77901,8.08,356,882,2024-04-06
680,Total motivating solution,Clothing,491.26,231.27,MLL-45490,16.68,32,623,2024-06-15
681,Secured neutral focus group,Home & Garden,228.79,150.48,GFU-52009,21.89,355,698,2025-07-15
682,Advanced 6thgeneration framework,Books,359.02,209.54,JCT-53308,4.63,3,528,2025-08-04
683,Multi-lateral mission-critical frame,Sports,43.46,14.34,LAL-80055,24.79,319,503,2024-07-02
684,Assimilated tertiary solution,Books,476.05,171.97,DBM-37869,2.57,333,914,2025-09-16
685,Progressive demand-driven open architecture,Books,189.39,83.11,NDL-98993,22.36,285,105,2025-03-05
686,Re-contextualized directional knowledgebase,Home & Garden,19.29,10.12,JUD-67694,19.58,69,775,2025-04-08
687,Mandatory exuding framework,Sports,271.28,173.29,TUX-92026,0.95,385,191,2024-07-16
688,Virtual motivating neural-net,Toys,24.87,8.74,QLC-94977,13.04,308,686,2025-06-04
689,Sharable zero administration leverage,Toys,32.24,15.01,JQG-85524,10.58,119,62,2024-11-21
690,Down-sized heuristic paradigm,Sports,176.41,92.68,NRH-77546,7.63,82,925,2025-06-04
691,Automated demand-driven algorithm,Books,187.37,104.12,BTE-76459,12.64,427,562,2025-07-20
692,Diverse intermediate frame,Food & Beverage,250.75,75.48,VWL-12908,24.96,107,791,2024-05-14
693,Compatible multimedia middleware,Books,25.12,17.43,VQH-42276,5.8,303,858,2026-02-28
694,Business-focused asymmetric approach,Electronics,191.92,88.31,YCI-70402,18.65,113,859,2026-01-23
695,Reactive mission-critical approach,Toys,60.69,21.81,YNR-07601,7.26,77,775,2025-11-08
696,Synergistic 3rdgeneration policy,Sports,410.49,191.66,IQW-29020,13.79,102,117,2024-12-16
697,Optimized 24/7 capability,Electronics,265.45,167.68,CKE-46626,22.69,368,687,2025-06-21
698,Cloned human-resource hierarchy,Electronics,379.49,220.39,TUH-67570,5.38,376,575,2025-06-02
699,Mandatory empowering Internet solution,Food & Beverage,392.38,138.74,IIN-40705,12.29,382,335,2024-09-06
700,Right-sized neutral protocol,Sports,125.42,47.28,NDN-37356,6.47,226,234,2024-12-24
701,Programmable maximized Graphical User Interface,Office Supplies,137.32,58.62,ZJN-04928,0.68,89,357,2025-02-10
702,Cross-group human-resource leverage,Health & Beauty,178.1,72.46,VMZ-61714,21.59,437,357,2025-01-24
703,Persistent intangible synergy,Office Supplies,369.54,119.55,VCT-25923,13.08,187,110,2025-08-31
704,Streamlined 3rdgeneration analyzer,Health & Beauty,497.12,155.05,KKQ-83312,4.49,160,164,2024-11-03
705,Team-oriented discrete protocol,Toys,149.57,102.13,HHH-39317,19.79,336,178,2024-09-04
706,Reverse-engineered fault-tolerant capacity,Home & Garden,210.2,95.25,CRS-85981,13.97,39,523,2025-12-24
707,Organized value-added definition,Food & Beverage,256.92,178.35,ZDH-99541,16.95,322,36,2025-06-26
708,Optional needs-based moderator,Sports,358.02,155.49,BXN-40731,20.34,143,31,2025-06-28
709,Synergistic encompassing interface,Electronics,427.39,207.0,DFK-53287,16.94,493,773,2025-07-13
710,Operative clear-thinking focus group,Automotive,92.84,36.86,FKN-78457,16.91,4,413,2025-10-27
711,Open-architected bottom-line array,Sports,429.68,284.19,RBE-05745,21.28,385,531,2024-07-13
712,Persistent impactful infrastructure,Automotive,367.64,257.08,NFH-29845,9.31,122,849,2025-04-25
713,Operative responsive adapter,Electronics,412.32,162.85,KTI-44494,22.44,482,859,2025-04-07
714,Compatible high-level strategy,Automotive,210.61,98.63,QBK-57687,3.22,158,304,2025-01-21
715,Realigned content-based parallelism,Sports,219.79,94.66,YJG-08506,19.59,72,397,2025-11-26
716,Business-focused web-enabled forecast,Food & Beverage,286.83,179.57,CEO-95537,18.44,193,17,2024-12-19
717,Realigned multi-state access,Electronics,310.8,142.29,CBN-80646,17.92,245,463,2024-07-05
718,Exclusive grid-enabled Internet solution,Electronics,160.43,51.22,XSD-73860,19.64,59,950,2024-04-26
719,Realigned coherent neural-net,Sports,275.19,132.64,DHK-76667,1.45,135,997,2024-06-29
720,Organic executive leverage,Automotive,74.25,48.75,IOR-41251,11.11,291,370,2025-01-27
721,Pre-emptive intermediate secured line,Clothing,42.4,27.4,QAT-14976,10.3,266,284,2025-02-03
722,Total clear-thinking hierarchy,Sports,46.03,15.44,VIS-23526,18.46,382,305,2025-03-30
723,Synergistic holistic product,Sports,152.4,58.48,ZEX-63687,21.02,51,131,2024-08-21
724,Adaptive full-range website,Sports,79.54,45.27,OUX-18437,20.37,256,196,2025-03-11
725,Upgradable maximized contingency,Health & Beauty,201.12,116.66,OKU-34228,17.31,144,912,2025-09-15
726,Decentralized explicit framework,Automotive,301.97,150.64,NJX-72269,4.58,204,746,2025-05-06
727,Diverse solution-oriented software,Office Supplies,186.24,91.55,DVJ-06739,5.58,124,827,2026-02-16
728,Front-line neutral portal,Food & Beverage,339.16,106.39,ZCO-90543,5.89,22,240,2024-05-11
729,Distributed empowering paradigm,Clothing,431.12,238.1,YVF-49246,18.58,190,915,2026-01-14
730,Polarized asymmetric benchmark,Clothing,17.08,7.7,TPN-74828,24.71,221,367,2024-10-28
731,Virtual coherent open architecture,Sports,411.36,235.27,KOO-02278,5.42,175,455,2024-03-08
732,Synergized tangible parallelism,Toys,310.95,210.02,STL-64766,8.01,223,472,2025-07-18
733,Focused multi-state structure,Books,209.17,69.19,FJK-77120,3.44,162,868,2025-08-01
734,Vision-oriented hybrid middleware,Office Supplies,181.58,127.1,XLS-95993,4.0,265,841,2025-03-06
735,Progressive demand-driven Graphic Interface,Food & Beverage,43.98,27.53,RCT-22073,8.53,385,419,2026-01-05
736,Multi-tiered methodical groupware,Home & Garden,222.43,92.05,HUF-43674,7.88,93,109,2025-04-14
737,Universal incremental infrastructure,Food & Beverage,160.31,95.07,FTM-21242,20.17,431,326,2025-04-27
738,Multi-tiered clear-thinking matrices,Electronics,423.88,144.84,MLL-90646,24.45,164,850,2024-05-07
739,Profit-focused contextually-based standardization,Books,273.71,109.34,CAW-94596,19.61,336,954,2024-04-11
740,Synergistic context-sensitive emulation,Books,210.55,104.25,COJ-31832,14.95,245,45,2025-05-12
741,Profit-focused full-range support,Clothing,457.5,159.97,FXI-54103,2.41,229,825,2024-06-01
742,De-engineered motivating emulation,Office Supplies,353.87,226.83,HHK-80411,19.18,414,118,2024-12-24
743,Enhanced static collaboration,Health & Beauty,266.3,139.33,CPW-56200,3.31,447,197,2025-07-20
744,Balanced radical contingency,Food & Beverage,394.43,153.76,GCN-15608,9.49,453,591,2025-06-08
745,Front-line well-modulated focus group,Toys,484.49,165.29,QHA-79601,13.99,426,809,2024-06-04
746,Upgradable next generation matrices,Sports,317.67,211.63,UDH-30087,8.37,408,829,2024-10-08
747,Face-to-face asynchronous customer loyalty,Health & Beauty,440.73,170.2,RPG-38768,23.1,326,919,2025-10-22
748,Re-engineered object-oriented methodology,Electronics,321.09,154.85,LZZ-39045,10.48,30,373,2025-06-17
749,Devolved well-modulated functionalities,Electronics,51.48,23.34,VFA-29119,13.47,10,396,2024-12-13
750,Reverse-engineered eco-centric database,Sports,112.32,60.6,BFQ-55564,11.45,161,979,2024-06-26
751,Realigned bifurcated portal,Health & Beauty,412.04,128.9,WPE-69436,11.2,290,957,2025-12-03
752,Integrated foreground alliance,Clothing,111.25,58.19,WUH-04501,0.82,284,397,2024-09-04
753,Profit-focused value-added data-warehouse,Food & Beverage,343.49,206.23,OVJ-69582,23.57,492,238,2025-08-30
754,Fundamental eco-centric capability,Home & Garden,31.3,19.1,HRO-58466,24.9,474,45,2026-02-10
755,Vision-oriented fresh-thinking complexity,Home & Garden,448.56,261.76,OUV-51270,0.47,53,432,2025-07-09
756,Monitored content-based function,Automotive,8.07,5.53,CIC-49500,21.93,396,800,2026-02-17
757,Digitized fault-tolerant Graphic Interface,Toys,139.15,77.5,EMH-90377,17.52,350,145,2026-02-27
758,Stand-alone 24/7 Graphical User Interface,Office Supplies,459.29,288.38,GHY-94382,19.21,217,964,2025-05-10
759,Cross-group dedicated hub,Books,214.4,95.15,HQJ-58995,5.61,283,8,2025-10-29
760,Stand-alone multi-state portal,Clothing,134.97,71.78,KPP-61287,0.38,268,663,2025-03-06
761,Multi-lateral scalable definition,Sports,19.63,6.61,EOH-50907,20.79,404,933,2024-04-10
762,Extended transitional knowledge user,Books,285.1,156.68,YIR-29607,10.89,47,61,2025-08-22
763,Exclusive scalable open architecture,Home & Garden,276.73,147.2,OYH-99653,11.8,102,429,2025-04-05
764,Implemented real-time emulation,Home & Garden,350.62,201.87,ATM-56315,14.05,222,16,2024-08-15
765,Exclusive value-added concept,Office Supplies,36.65,11.88,AUC-22875,7.23,122,840,2024-10-25
766,Proactive content-based array,Food & Beverage,147.09,52.66,IHO-52902,8.7,6,882,2024-07-25
767,Open-architected user-facing capacity,Electronics,15.94,5.66,AER-97388,14.94,229,759,2025-10-23
768,Enterprise-wide zero administration extranet,Home & Garden,367.93,250.67,RKG-60497,0.25,299,73,2024-10-02
769,Assimilated hybrid open system,Office Supplies,15.05,5.07,ELY-50204,16.86,356,424,2025-04-03
770,Optimized interactive complexity,Health & Beauty,146.47,95.85,SII-66307,23.42,248,753,2025-04-09
771,Team-oriented context-sensitive service-desk,Office Supplies,25.56,17.05,HQH-38790,16.78,212,231,2024-10-19
772,Quality-focused discrete pricing structure,Automotive,223.3,102.31,TTY-78445,21.83,298,796,2025-10-23
773,Automated stable alliance,Office Supplies,209.64,141.53,ZOS-23701,21.79,229,964,2024-11-29
774,De-engineered explicit definition,Sports,336.2,217.42,VEQ-89462,12.74,40,678,2025-06-25
775,Switchable explicit algorithm,Office Supplies,137.84,63.89,CTG-90602,3.83,357,179,2026-02-04
776,Monitored discrete migration,Toys,455.93,260.58,WFF-80072,24.55,166,828,2025-03-30
777,Intuitive context-sensitive initiative,Clothing,251.42,155.72,CQT-62918,24.97,24,223,2025-05-09
778,User-friendly logistical complexity,Home & Garden,458.74,228.9,APO-93399,19.71,248,137,2025-03-14
779,Optional 24/7 concept,Sports,34.89,14.45,BEF-82366,12.43,393,697,2025-08-22
780,Total responsive time-frame,Home & Garden,496.62,293.56,AHH-48665,16.6,14,593,2025-06-30
781,Multi-layered systemic superstructure,Toys,206.95,95.14,NKR-20225,21.18,55,338,2024-10-07
782,Upgradable responsive support,Electronics,228.47,142.55,TDG-34500,15.83,496,431,2025-11-05
783,Adaptive tertiary policy,Sports,369.29,131.36,XOC-56804,16.08,388,181,2026-01-03
784,Fundamental value-added Graphic Interface,Food & Beverage,48.95,22.83,EZF-12618,16.29,284,88,2025-03-17
785,Cross-platform stable orchestration,Toys,347.65,156.8,UHM-40241,22.89,310,334,2024-03-05
786,Up-sized bifurcated groupware,Health & Beauty,333.83,229.06,AGQ-62795,9.95,5,253,2025-10-11
787,Versatile grid-enabled projection,Food & Beverage,217.22,72.72,UMJ-77090,24.64,82,55,2025-12-29
788,Self-enabling 6thgeneration project,Electronics,339.43,103.7,WNG-77031,9.67,307,161,2024-07-15
789,Centralized actuating time-frame,Automotive,110.02,44.47,MWC-33429,0.12,470,335,2024-07-20
790,Integrated incremental leverage,Health & Beauty,212.5,136.21,LJX-11048,17.91,233,964,2025-10-31
791,Public-key transitional challenge,Automotive,451.99,306.9,ESE-38869,18.49,148,949,2024-09-26
792,Sharable dynamic moratorium,Health & Beauty,178.4,88.72,YKF-92867,18.02,447,658,2025-04-24
793,Switchable mobile portal,Toys,140.61,83.24,RNZ-07285,6.01,482,4,2024-07-21
794,Assimilated intermediate protocol,Books,148.49,82.9,RFT-47677,12.83,263,438,2025-06-09
795,Function-based human-resource success,Food & Beverage,475.46,281.07,JBL-35012,14.96,293,510,2025-04-29
796,Intuitive multimedia service-desk,Food & Beverage,364.59,156.76,TBL-50150,8.57,227,751,2025-07-16
797,Multi-tiered systematic process improvement,Food & Beverage,464.71,320.96,FUN-03346,5.44,300,274,2024-03-16
798,Down-sized dynamic service-desk,Clothing,323.16,116.97,LUW-01543,23.81,157,260,2024-06-18
799,Multi-layered solution-oriented frame,Electronics,397.01,242.55,ELA-18705,23.73,412,853,2025-03-03
800,Realigned actuating superstructure,Clothing,26.16,9.1,RMN-50473,16.55,325,514,2024-06-02
801,Face-to-face optimal toolset,Health & Beauty,489.75,184.56,MOA-29991,1.53,349,90,2025-08-16
802,Enterprise-wide explicit Graphical User Interface,Toys,320.08,190.31,NCS-53710,16.5,58,167,2024-08-02
803,Progressive static monitoring,Office Supplies,244.18,154.17,TTH-82492,13.94,491,599,2025-10-31
804,Multi-lateral systematic data-warehouse,Food & Beverage,79.92,38.19,OSM-44099,4.53,155,697,2025-01-24
805,Pre-emptive upward-trending artificial intelligence,Automotive,458.86,305.89,PYK-25566,7.88,274,906,2024-06-17
806,Business-focused multimedia encoding,Food & Beverage,188.64,57.71,EDS-57722,24.31,101,925,2025-12-30
807,Re-contextualized dedicated application,Toys,485.62,261.84,XTU-26105,7.4,358,423,2024-12-26
808,Enhanced intangible policy,Automotive,33.36,17.1,KSO-96494,19.29,80,553,2025-09-24
809,Business-focused 5thgeneration orchestration,Sports,415.94,252.51,FRD-98724,10.55,198,77,2025-06-29
810,Customizable bifurcated initiative,Toys,13.96,8.37,HMA-92492,16.32,62,216,2024-10-29
811,Proactive high-level neural-net,Clothing,295.42,100.2,XKH-58913,3.47,95,832,2025-04-04
812,Fundamental zero-defect core,Sports,201.5,70.96,TYN-73633,5.86,408,622,2025-11-19
813,Upgradable reciprocal support,Toys,94.55,34.18,WEC-45308,13.28,160,861,2025-09-15
814,Versatile zero tolerance portal,Food & Beverage,15.43,5.53,HHL-88189,20.49,12,438,2025-07-21
815,Synergistic hybrid frame,Toys,369.36,192.82,PSA-95198,3.52,241,821,2025-04-16
816,Centralized optimizing projection,Office Supplies,231.99,121.41,QHX-49729,19.77,408,682,2025-02-11
817,Business-focused high-level intranet,Books,463.6,155.2,IDP-17747,3.62,397,237,2024-03-05
818,Extended interactive open system,Sports,78.25,40.11,HIF-71014,0.66,331,259,2025-01-21
819,Multi-tiered transitional flexibility,Automotive,314.03,172.12,LWK-04610,19.35,236,693,2025-06-03
820,Organized 24hour capacity,Food & Beverage,175.73,57.59,HON-19771,12.15,396,341,2024-11-23
821,Face-to-face even-keeled algorithm,Automotive,489.98,300.41,IWJ-89841,21.82,291,424,2026-01-19
822,Up-sized 24/7 workforce,Home & Garden,315.21,148.38,KDX-94450,24.64,49,847,2026-01-03
823,Synergized reciprocal algorithm,Office Supplies,485.05,320.49,QNA-15498,12.94,491,145,2026-01-03
824,Stand-alone bi-directional Local Area Network,Toys,394.83,193.98,IXS-08810,18.59,341,470,2025-11-14
825,Virtual local project,Electronics,134.8,63.5,UAU-33595,20.75,304,459,2026-02-04
826,Configurable regional synergy,Electronics,278.7,157.68,NSP-80133,20.64,108,909,2025-12-25
827,De-engineered scalable circuit,Sports,5.03,2.14,DYC-32938,1.95,373,607,2025-06-16
828,Synchronized clear-thinking workforce,Food & Beverage,360.27,184.19,QPK-50554,20.13,140,308,2025-09-10
829,Robust local model,Clothing,497.44,169.06,ZFL-66476,18.64,151,19,2024-09-12
830,Innovative reciprocal pricing structure,Food & Beverage,155.05,83.29,SMN-55155,23.55,98,239,2025-11-21
831,Team-oriented fault-tolerant process improvement,Home & Garden,407.98,150.65,WGT-85128,20.84,50,362,2025-07-09
832,Front-line fault-tolerant benchmark,Books,275.77,159.49,PNX-96226,4.58,103,414,2026-01-10
833,Pre-emptive eco-centric orchestration,Health & Beauty,440.87,198.16,KZT-18254,23.9,192,856,2025-02-09
834,Persevering national hub,Clothing,407.14,176.57,FFH-32896,9.52,211,348,2024-10-11
835,Digitized fresh-thinking focus group,Automotive,183.31,91.73,OCV-49305,11.61,270,134,2024-05-30
836,Open-source homogeneous open architecture,Sports,89.47,52.77,EOX-19393,11.54,38,315,2024-11-05
837,Configurable 24/7 array,Clothing,316.99,151.95,CZL-65381,1.98,500,105,2024-11-10
838,De-engineered 3rdgeneration architecture,Health & Beauty,268.38,171.28,ENS-17736,23.99,65,735,2025-05-14
839,Phased non-volatile workforce,Home & Garden,190.62,92.57,WKS-39444,10.95,65,891,2026-01-11
840,Compatible hybrid Internet solution,Electronics,423.87,289.57,DNA-26621,23.71,287,326,2024-08-18
841,Public-key national monitoring,Sports,452.76,303.76,EDD-51532,24.66,121,713,2025-06-30
842,Monitored hybrid help-desk,Automotive,285.11,147.53,SKI-84822,3.3,280,106,2025-04-03
843,De-engineered 5thgeneration secured line,Health & Beauty,491.28,211.2,CEV-86992,24.54,8,690,2025-05-05
844,User-centric tertiary hub,Books,10.15,4.47,YVO-88307,5.43,299,393,2025-12-03
845,Open-architected solution-oriented database,Home & Garden,227.96,103.55,KYX-36082,7.92,13,111,2025-12-04
846,Devolved discrete software,Books,233.39,97.05,OVK-21822,9.06,124,181,2024-03-02
847,Multi-channeled methodical secured line,Office Supplies,452.63,239.48,XFN-60279,15.61,138,44,2024-06-22
848,Enhanced value-added portal,Clothing,81.15,47.38,NEB-74623,2.3,74,801,2024-08-19
849,Intuitive demand-driven orchestration,Home & Garden,16.34,10.36,XQS-22755,8.5,441,68,2024-10-01
850,Multi-tiered exuding paradigm,Home & Garden,334.8,211.09,HZD-54996,17.33,27,171,2024-03-10
851,Front-line asynchronous support,Health & Beauty,190.66,78.09,EWW-08270,16.73,60,708,2025-08-05
852,Stand-alone radical success,Sports,169.09,93.5,YQB-49074,21.83,499,244,2025-09-04
853,Cloned regional support,Clothing,135.79,89.55,EYK-03716,19.1,214,206,2025-07-26
854,Open-source 6thgeneration data-warehouse,Office Supplies,85.47,27.41,PKY-50382,8.56,207,486,2026-03-01
855,De-engineered tertiary initiative,Electronics,188.47,87.25,QGE-48991,22.25,226,320,2025-03-05
856,Digitized solution-oriented alliance,Clothing,282.84,123.25,FAB-07769,16.11,459,859,2025-04-16
857,Re-engineered human-resource hierarchy,Toys,105.32,68.37,OSS-19455,17.55,215,537,2024-12-07
858,Expanded bandwidth-monitored help-desk,Toys,341.79,166.6,OJS-70868,8.87,67,648,2024-08-22
859,Devolved secondary interface,Electronics,469.32,296.29,JEX-82990,18.06,46,807,2024-11-06
860,Configurable upward-trending middleware,Food & Beverage,363.83,164.74,JYA-17625,3.3,42,112,2024-06-28
861,Fully-configurable background infrastructure,Electronics,24.44,9.57,HQC-83332,12.9,165,741,2024-07-09
862,Virtual demand-driven projection,Toys,331.7,171.42,PPW-17040,22.57,13,362,2025-01-19
863,Enterprise-wide client-driven alliance,Books,193.3,104.69,TAR-10173,9.62,449,552,2025-01-27
864,Team-oriented grid-enabled hierarchy,Automotive,488.05,284.91,NJL-14847,13.86,453,946,2025-02-04
865,Grass-roots user-facing workforce,Clothing,367.85,130.19,UGJ-75166,1.31,24,266,2025-08-03
866,Re-engineered demand-driven architecture,Automotive,233.14,153.38,SEV-68195,1.63,135,952,2024-11-01
867,Reduced 4thgeneration model,Sports,167.56,87.05,GMR-33814,13.94,355,871,2025-06-16
868,Face-to-face multimedia framework,Food & Beverage,154.21,85.02,DIE-65077,9.99,121,659,2024-05-08
869,Self-enabling 3rdgeneration core,Food & Beverage,177.74,102.93,IMI-51048,19.64,202,696,2025-02-25
870,Progressive incremental installation,Food & Beverage,463.18,152.69,VMY-13005,17.65,357,383,2025-03-27
871,Re-engineered global website,Clothing,117.23,59.81,ITB-99990,20.62,249,829,2025-12-06
872,Inverse content-based array,Electronics,392.48,117.86,WTI-84766,8.46,387,672,2024-06-13
873,De-engineered multi-state standardization,Health & Beauty,104.14,45.85,CYD-55143,1.08,413,352,2025-03-25
874,Diverse content-based flexibility,Electronics,122.37,41.08,LRF-58777,11.76,471,839,2024-11-06
875,Down-sized attitude-oriented utilization,Books,217.56,68.77,JXL-22265,1.58,299,189,2025-02-15
876,Grass-roots encompassing application,Toys,333.02,115.0,JCL-87310,12.84,328,798,2026-01-12
877,Mandatory incremental instruction set,Books,133.25,59.79,SFR-09417,12.84,296,131,2024-05-26
878,Diverse web-enabled flexibility,Sports,451.75,235.68,MFE-42378,16.27,185,401,2026-02-07
879,Fully-configurable discrete toolset,Food & Beverage,231.53,140.91,VBF-28504,6.71,129,886,2025-07-06
880,Synergized systematic workforce,Automotive,113.73,71.39,TJL-27950,6.97,381,739,2024-09-24
881,Enterprise-wide scalable pricing structure,Toys,262.3,152.5,ECV-09828,8.1,244,204,2025-02-04
882,Visionary full-range standardization,Toys,156.0,103.28,SOE-35060,1.23,108,148,2025-07-24
883,Team-oriented transitional open system,Home & Garden,156.61,55.26,POF-69906,2.8,489,296,2026-01-22
884,Self-enabling explicit task-force,Electronics,276.25,144.17,AUV-20061,5.4,312,526,2025-09-11
885,Organic neutral open architecture,Home & Garden,231.87,80.63,KJL-86558,6.36,51,282,2024-08-22
886,Optimized real-time methodology,Food & Beverage,374.0,259.75,QKK-90011,3.27,13,657,2024-07-20
887,Robust mobile projection,Automotive,207.83,132.87,OFD-72717,12.39,415,756,2024-03-15
888,Multi-channeled composite website,Electronics,32.57,20.76,IKF-00869,12.39,466,436,2025-12-12
889,Polarized dedicated intranet,Office Supplies,263.18,151.63,UTT-32011,14.3,45,134,2025-10-03
890,Diverse local Local Area Network,Toys,77.97,35.81,WLO-20752,13.39,64,631,2025-12-29
891,Virtual mobile support,Clothing,77.06,43.97,VBN-81339,11.94,429,912,2024-09-07
892,Customizable actuating encryption,Food & Beverage,175.63,91.17,KYX-05229,16.37,18,38,2024-12-11
893,Decentralized real-time instruction set,Toys,412.71,180.21,UOF-51748,13.54,423,202,2024-11-17
894,Managed background circuit,Toys,259.94,129.26,QXZ-13931,13.21,64,975,2025-05-26
895,Organic zero-defect hardware,Health & Beauty,43.41,20.17,GYM-57148,1.54,93,912,2024-04-12
896,Fundamental solution-oriented projection,Books,485.67,291.61,HBC-67108,24.15,60,357,2025-11-18
897,Robust intangible model,Automotive,445.99,291.76,IEB-91243,10.47,27,737,2024-09-19
898,Switchable neutral portal,Health & Beauty,483.23,214.42,OEQ-97956,22.24,61,585,2025-04-23
899,Ergonomic holistic migration,Office Supplies,151.17,55.05,BCJ-39630,13.17,122,55,2024-03-06
900,Proactive foreground approach,Health & Beauty,495.27,224.66,JPL-90748,17.46,11,954,2025-02-15
901,Virtual logistical concept,Clothing,439.39,264.6,RAP-65194,0.67,408,36,2025-12-16
902,Universal non-volatile open architecture,Toys,291.87,100.57,KVN-88354,4.79,190,216,2024-07-28
903,Future-proofed eco-centric workforce,Clothing,160.96,78.13,XSE-56515,22.54,206,869,2025-06-06
904,Organized interactive encryption,Clothing,150.99,86.69,HTO-66654,10.07,281,630,2025-09-26
905,Front-line full-range open architecture,Automotive,236.93,104.99,AOA-23661,18.51,387,855,2025-06-01
906,Cloned systematic success,Food & Beverage,442.3,286.03,LVM-88895,19.97,203,994,2024-08-30
907,Organized web-enabled budgetary management,Clothing,204.77,142.13,HLZ-69603,9.57,15,416,2024-08-01
908,Extended logistical initiative,Office Supplies,97.43,30.35,MKB-49180,19.94,132,663,2024-04-02
909,Distributed real-time collaboration,Office Supplies,285.72,172.13,NTK-89131,15.02,413,123,2025-12-11
910,Synergized multi-tasking pricing structure,Clothing,43.82,19.91,VCC-65247,10.3,236,328,2025-03-09
911,Re-engineered stable success,Food & Beverage,381.59,165.87,OLJ-20858,3.68,450,917,2024-11-14
912,Organic reciprocal attitude,Health & Beauty,456.96,164.28,ZTU-91371,17.74,63,842,2025-12-22
913,Innovative eco-centric open architecture,Toys,226.81,91.56,EHI-35207,17.58,179,189,2025-06-14
914,Exclusive systemic flexibility,Automotive,63.97,35.14,VSF-57406,2.37,227,215,2025-05-30
915,Intuitive logistical superstructure,Sports,196.21,83.7,DJB-58757,6.83,176,359,2025-11-03
916,De-engineered analyzing concept,Toys,81.6,56.46,XQI-45450,11.33,386,317,2025-09-08
917,Organic executive leverage,Clothing,267.83,117.44,CTO-93136,12.46,102,929,2025-02-01
918,De-engineered secondary circuit,Food & Beverage,34.33,10.58,YQY-34406,14.27,57,563,2024-05-30
919,Integrated homogeneous structure,Toys,284.63,162.6,FAO-87110,22.45,120,844,2024-11-16
920,Cloned bottom-line groupware,Sports,14.8,10.07,TFP-87501,7.85,3,122,2024-09-14
921,Secured eco-centric productivity,Sports,19.72,11.67,QVN-76423,5.44,431,428,2025-07-29
922,Multi-lateral mobile function,Toys,422.48,146.85,VWJ-26489,15.6,90,280,2024-09-24
923,Streamlined impactful strategy,Electronics,220.19,95.25,HBO-28721,10.66,335,608,2025-09-30
924,Extended reciprocal middleware,Sports,299.06,123.15,SBR-39360,22.36,8,410,2025-12-22
925,Multi-lateral scalable database,Automotive,20.19,10.0,RMF-35749,19.35,252,716,2026-02-07
926,Organized reciprocal info-mediaries,Home & Garden,258.2,170.37,OYC-02241,18.86,99,845,2025-12-01
927,Streamlined holistic middleware,Office Supplies,172.66,108.95,ABL-18922,1.89,353,162,2025-05-27
928,Assimilated mobile product,Automotive,435.98,257.85,IDT-04324,23.32,94,575,2025-12-07
929,Triple-buffered value-added parallelism,Automotive,319.05,181.44,DEF-94678,18.82,135,750,2024-06-26
930,Monitored 5thgeneration middleware,Electronics,267.83,113.61,TKD-85439,21.08,182,321,2025-03-29
931,Sharable even-keeled conglomeration,Toys,173.83,62.9,HWE-20023,4.85,402,409,2024-08-21
932,Down-sized next generation capability,Toys,323.07,106.17,HIG-72914,20.64,155,60,2024-07-15
933,Assimilated holistic website,Clothing,26.74,15.42,XZX-70636,18.01,23,52,2025-02-25
934,Extended zero tolerance productivity,Health & Beauty,450.07,252.28,CND-45772,22.95,178,532,2024-06-20
935,Adaptive impactful capacity,Office Supplies,402.07,164.36,LKK-96857,23.72,376,951,2025-07-10
936,Ameliorated neutral Internet solution,Books,440.22,289.27,NOA-93738,6.32,200,148,2025-05-28
937,Robust fault-tolerant Graphic Interface,Sports,9.15,4.12,KCP-63379,14.55,410,838,2024-11-06
938,Devolved homogeneous website,Health & Beauty,432.11,153.94,NYT-52818,23.67,381,251,2025-10-16
939,Triple-buffered 5thgeneration framework,Clothing,492.91,172.03,RWJ-73303,22.77,149,118,2024-08-02
940,Universal reciprocal process improvement,Home & Garden,105.17,44.29,WFT-22306,16.49,85,316,2024-09-25
941,Switchable local task-force,Home & Garden,316.97,157.95,NYZ-01104,21.83,390,306,2024-07-17
942,Up-sized systemic model,Health & Beauty,174.39,65.35,BOP-00196,20.46,165,803,2025-03-24
943,Devolved directional matrices,Health & Beauty,408.89,166.59,PTR-12817,23.76,439,476,2025-12-31
944,Future-proofed motivating structure,Home & Garden,352.48,197.25,HVA-15013,10.69,472,432,2025-10-21
945,Exclusive local initiative,Home & Garden,292.06,175.35,MFN-25617,20.54,243,839,2024-04-25
946,Open-source asymmetric strategy,Clothing,303.53,188.34,WXV-96089,6.79,130,459,2024-03-19
947,Intuitive eco-centric knowledgebase,Clothing,196.64,121.07,BJB-09761,2.57,155,79,2025-03-07
948,Secured multimedia extranet,Health & Beauty,198.37,85.27,YEQ-39290,18.48,309,752,2024-06-28
949,Synergized impactful pricing structure,Food & Beverage,175.86,111.21,JPA-01591,5.74,499,783,2025-08-19
950,Focused global extranet,Clothing,414.36,257.12,FGX-07433,0.59,239,338,2026-01-28
951,Re-contextualized interactive open system,Books,236.92,125.84,ZKL-95399,6.17,346,507,2024-12-23
952,Synchronized heuristic adapter,Automotive,323.57,127.37,DBF-14747,17.17,391,703,2025-08-16
953,Enhanced reciprocal encryption,Office Supplies,332.35,226.47,AFT-24883,22.3,231,191,2025-08-02
954,Centralized cohesive groupware,Home & Garden,203.78,104.89,FQO-58415,5.13,9,526,2025-04-01
955,Self-enabling 6thgeneration firmware,Health & Beauty,321.91,189.53,MRH-95693,22.76,308,129,2025-03-29
956,Quality-focused motivating knowledge user,Electronics,224.08,112.28,NBI-74200,15.6,117,65,2025-06-16
957,Compatible non-volatile framework,Toys,369.38,239.55,BJC-17208,0.34,104,893,2024-10-24
958,Enhanced uniform throughput,Food & Beverage,220.97,74.26,DUJ-72436,2.16,285,873,2025-07-10
959,Cloned next generation open system,Office Supplies,125.16,72.25,VRP-26316,5.99,230,624,2024-03-18
960,Robust zero-defect protocol,Books,241.72,92.76,QTJ-86100,24.54,463,899,2024-12-20
961,Organized discrete workforce,Toys,23.37,8.91,CGR-87431,12.38,123,911,2024-06-12
962,Expanded dedicated open architecture,Clothing,145.51,100.36,ENF-28504,21.37,24,718,2024-10-28
963,Cloned multi-state interface,Electronics,363.72,195.59,WLW-70706,21.88,337,513,2025-03-14
964,Re-contextualized high-level paradigm,Health & Beauty,22.16,10.93,VEW-02820,10.51,299,964,2024-10-06
965,Networked next generation migration,Health & Beauty,368.3,237.2,KGT-62710,10.03,90,782,2025-12-25
966,Versatile encompassing collaboration,Food & Beverage,94.97,64.3,TOO-64096,22.07,417,667,2024-04-27
967,Networked explicit application,Food & Beverage,70.51,45.68,ZFA-68110,22.0,113,433,2024-11-19
968,User-friendly disintermediate budgetary management,Food & Beverage,141.07,72.43,GIM-88134,16.83,280,440,2026-02-01
969,Inverse local Internet solution,Toys,327.05,145.96,RZV-16030,12.76,267,771,2025-07-31
970,Fundamental radical conglomeration,Clothing,325.75,122.53,DWP-68210,8.33,14,345,2024-05-13
971,Reduced intangible conglomeration,Home & Garden,35.56,16.32,XEB-51433,19.78,187,343,2025-10-26
972,Realigned didactic neural-net,Automotive,480.43,207.92,FIX-73080,23.53,287,144,2024-07-19
973,Reverse-engineered zero-defect system engine,Home & Garden,191.61,99.92,HEH-79549,18.49,128,359,2024-10-23
974,Total hybrid help-desk,Electronics,188.41,63.64,MRS-50895,21.75,316,643,2026-02-11
975,Up-sized neutral alliance,Clothing,458.62,242.56,WYK-59542,4.82,137,356,2024-11-07
976,Horizontal clear-thinking core,Toys,191.14,83.61,BXU-42371,21.48,183,889,2026-02-15
977,Automated full-range workforce,Health & Beauty,342.62,104.18,DYX-38462,16.37,61,960,2025-08-24
978,Universal responsive artificial intelligence,Health & Beauty,375.51,213.21,MEG-41414,13.57,110,369,2024-09-27
979,Team-oriented transitional migration,Home & Garden,421.26,285.71,ODY-63887,0.23,449,706,2024-03-31
980,Open-architected asymmetric service-desk,Toys,378.08,123.41,BEA-45631,8.14,307,438,2024-03-04
981,Extended system-worthy function,Food & Beverage,30.08,15.13,RQX-01799,0.46,270,859,2024-03-20
982,Progressive fresh-thinking alliance,Automotive,321.57,198.76,OJY-33422,1.53,208,796,2025-05-18
983,Virtual asymmetric adapter,Electronics,79.73,48.52,HYT-91286,24.53,191,519,2025-05-05
984,Organized stable analyzer,Toys,38.02,13.62,MXV-90860,21.22,191,972,2025-09-22
985,Cross-group intermediate service-desk,Toys,192.67,126.18,PVY-34848,12.03,278,760,2025-02-01
986,Monitored homogeneous definition,Food & Beverage,46.34,26.55,TFH-27415,22.21,68,231,2024-06-06
987,Exclusive fault-tolerant core,Electronics,327.27,185.56,QIT-27656,17.55,25,399,2025-04-20
988,Business-focused asynchronous portal,Food & Beverage,441.38,223.83,CHR-71749,5.76,256,785,2026-01-20
989,Horizontal cohesive intranet,Toys,51.1,22.12,ZDF-67566,8.04,64,710,2025-06-17
990,Triple-buffered clear-thinking monitoring,Health & Beauty,186.84,94.13,VMN-67498,16.62,76,297,2024-12-04
991,Monitored background interface,Food & Beverage,162.41,72.18,AMZ-56734,18.44,37,947,2025-08-07
992,Right-sized clear-thinking Local Area Network,Toys,287.77,159.15,JKZ-64632,12.77,466,298,2025-01-06
993,Streamlined national project,Books,110.34,69.36,OST-40854,20.71,380,852,2024-09-11
994,Adaptive human-resource info-mediaries,Electronics,494.57,332.57,WEO-20446,7.4,38,150,2025-01-03
995,Optimized contextually-based access,Food & Beverage,405.22,188.88,PPI-64117,8.52,179,361,2025-12-23
996,Pre-emptive client-server concept,Books,411.4,233.33,BWJ-46999,17.25,349,671,2025-05-24
997,Function-based directional help-desk,Electronics,171.29,116.13,NOO-92872,13.97,40,242,2024-04-07
998,Function-based fresh-thinking service-desk,Health & Beauty,225.6,92.03,YAF-75521,5.07,190,980,2024-08-27
999,Multi-channeled client-driven workforce,Electronics,138.42,43.51,XBP-40187,1.5,10,71,2025-05-25
1000,Versatile systematic protocol,Clothing,418.62,156.38,TWW-29076,8.07,254,353,2024-10-12
